file,line,type,commit,author,date,time,timezone,datetime,depth,length
style.css,1,css,dca0a78c,Vishudh Shah,2025-04-10,20:14:16,-07:00,2025-04-10T20:14:16-07:00,0,3
style.css,2,css,dca0a78c,Vishudh Shah,2025-04-10,20:14:16,-07:00,2025-04-10T20:14:16-07:00,1,74
style.css,3,css,4956f8f1,Vishudh Shah,2025-04-25,19:10:52,-07:00,2025-04-25T19:10:52-07:00,1,63
style.css,4,css,dca0a78c,Vishudh Shah,2025-04-10,20:14:16,-07:00,2025-04-10T20:14:16-07:00,0,0
style.css,5,css,dca0a78c,Vishudh Shah,2025-04-10,20:14:16,-07:00,2025-04-10T20:14:16-07:00,0,0
style.css,6,css,11444e46,Vishudh Shah,2025-04-17,22:16:32,-07:00,2025-04-17T22:16:32-07:00,0,11
style.css,7,css,11444e46,Vishudh Shah,2025-04-17,22:16:32,-07:00,2025-04-17T22:16:32-07:00,1,15
style.css,8,css,11444e46,Vishudh Shah,2025-04-17,22:16:32,-07:00,2025-04-17T22:16:32-07:00,1,6
style.css,9,css,11444e46,Vishudh Shah,2025-04-17,22:16:32,-07:00,2025-04-17T22:16:32-07:00,1,8
style.css,10,css,11444e46,Vishudh Shah,2025-04-17,22:16:32,-07:00,2025-04-17T22:16:32-07:00,1,11
style.css,11,css,11444e46,Vishudh Shah,2025-04-17,22:16:32,-07:00,2025-04-17T22:16:32-07:00,1,17
style.css,12,css,11444e46,Vishudh Shah,2025-04-17,22:16:32,-07:00,2025-04-17T22:16:32-07:00,0,0
style.css,13,css,11444e46,Vishudh Shah,2025-04-17,22:16:32,-07:00,2025-04-17T22:16:32-07:00,0,0
style.css,14,css,dca0a78c,Vishudh Shah,2025-04-10,20:14:16,-07:00,2025-04-10T20:14:16-07:00,0,2
style.css,15,css,dca0a78c,Vishudh Shah,2025-04-10,20:14:16,-07:00,2025-04-10T20:14:16-07:00,1,30
style.css,16,css,11444e46,Vishudh Shah,2025-04-17,22:16:32,-07:00,2025-04-17T22:16:32-07:00,1,21
style.css,17,css,dca0a78c,Vishudh Shah,2025-04-10,20:14:16,-07:00,2025-04-10T20:14:16-07:00,0,0
style.css,18,css,dca0a78c,Vishudh Shah,2025-04-10,20:14:16,-07:00,2025-04-10T20:14:16-07:00,0,0
style.css,19,css,5525f349,Vishudh Shah,2025-04-02,23:12:18,-07:00,2025-04-02T23:12:18-07:00,0,2
style.css,20,css,5525f349,Vishudh Shah,2025-04-02,23:12:18,-07:00,2025-04-02T23:12:18-07:00,1,41
style.css,21,css,dca0a78c,Vishudh Shah,2025-04-10,20:14:16,-07:00,2025-04-10T20:14:16-07:00,0,40
style.css,22,css,dca0a78c,Vishudh Shah,2025-04-10,20:14:16,-07:00,2025-04-10T20:14:16-07:00,0,0
style.css,23,css,5525f349,Vishudh Shah,2025-04-02,23:12:18,-07:00,2025-04-02T23:12:18-07:00,1,21
style.css,24,css,dca0a78c,Vishudh Shah,2025-04-10,20:14:16,-07:00,2025-04-10T20:14:16-07:00,1,13
style.css,25,css,dca0a78c,Vishudh Shah,2025-04-10,20:14:16,-07:00,2025-04-10T20:14:16-07:00,1,40
style.css,26,css,dca0a78c,Vishudh Shah,2025-04-10,20:14:16,-07:00,2025-04-10T20:14:16-07:00,1,13
style.css,27,css,dca0a78c,Vishudh Shah,2025-04-10,20:14:16,-07:00,2025-04-10T20:14:16-07:00,0,0
style.css,28,css,dca0a78c,Vishudh Shah,2025-04-10,20:14:16,-07:00,2025-04-10T20:14:16-07:00,0,0
style.css,29,css,dca0a78c,Vishudh Shah,2025-04-10,20:14:16,-07:00,2025-04-10T20:14:16-07:00,0,1
style.css,30,css,dca0a78c,Vishudh Shah,2025-04-10,20:14:16,-07:00,2025-04-10T20:14:16-07:00,1,10
style.css,31,css,dca0a78c,Vishudh Shah,2025-04-10,20:14:16,-07:00,2025-04-10T20:14:16-07:00,1,15
style.css,32,css,11444e46,Vishudh Shah,2025-04-17,22:16:32,-07:00,2025-04-17T22:16:32-07:00,1,60
style.css,33,css,11444e46,Vishudh Shah,2025-04-17,22:16:32,-07:00,2025-04-17T22:16:32-07:00,1,41
style.css,34,css,dca0a78c,Vishudh Shah,2025-04-10,20:14:16,-07:00,2025-04-10T20:14:16-07:00,0,0
style.css,35,css,dca0a78c,Vishudh Shah,2025-04-10,20:14:16,-07:00,2025-04-10T20:14:16-07:00,0,0
style.css,36,css,dca0a78c,Vishudh Shah,2025-04-10,20:14:16,-07:00,2025-04-10T20:14:16-07:00,0,3
style.css,37,css,dca0a78c,Vishudh Shah,2025-04-10,20:14:16,-07:00,2025-04-10T20:14:16-07:00,0,4
style.css,38,css,dca0a78c,Vishudh Shah,2025-04-10,20:14:16,-07:00,2025-04-10T20:14:16-07:00,1,14
style.css,39,css,dca0a78c,Vishudh Shah,2025-04-10,20:14:16,-07:00,2025-04-10T20:14:16-07:00,0,0
style.css,40,css,dca0a78c,Vishudh Shah,2025-04-10,20:14:16,-07:00,2025-04-10T20:14:16-07:00,0,0
style.css,41,css,dca0a78c,Vishudh Shah,2025-04-10,20:14:16,-07:00,2025-04-10T20:14:16-07:00,0,3
style.css,42,css,dca0a78c,Vishudh Shah,2025-04-10,20:14:16,-07:00,2025-04-10T20:14:16-07:00,1,4
style.css,43,css,dca0a78c,Vishudh Shah,2025-04-10,20:14:16,-07:00,2025-04-10T20:14:16-07:00,1,18
style.css,44,css,dca0a78c,Vishudh Shah,2025-04-10,20:14:16,-07:00,2025-04-10T20:14:16-07:00,1,11
style.css,45,css,dca0a78c,Vishudh Shah,2025-04-10,20:14:16,-07:00,2025-04-10T20:14:16-07:00,1,15
style.css,46,css,dca0a78c,Vishudh Shah,2025-04-10,20:14:16,-07:00,2025-04-10T20:14:16-07:00,1,11
style.css,47,css,dca0a78c,Vishudh Shah,2025-04-10,20:14:16,-07:00,2025-04-10T20:14:16-07:00,0,0
style.css,48,css,dca0a78c,Vishudh Shah,2025-04-10,20:14:16,-07:00,2025-04-10T20:14:16-07:00,0,0
style.css,49,css,dca0a78c,Vishudh Shah,2025-04-10,20:14:16,-07:00,2025-04-10T20:14:16-07:00,0,11
style.css,50,css,dca0a78c,Vishudh Shah,2025-04-10,20:14:16,-07:00,2025-04-10T20:14:16-07:00,1,41
style.css,51,css,dca0a78c,Vishudh Shah,2025-04-10,20:14:16,-07:00,2025-04-10T20:14:16-07:00,1,65
style.css,52,css,dca0a78c,Vishudh Shah,2025-04-10,20:14:16,-07:00,2025-04-10T20:14:16-07:00,0,0
style.css,53,css,dca0a78c,Vishudh Shah,2025-04-10,20:14:16,-07:00,2025-04-10T20:14:16-07:00,0,0
style.css,54,css,dca0a78c,Vishudh Shah,2025-04-10,20:14:16,-07:00,2025-04-10T20:14:16-07:00,0,9
style.css,55,css,dca0a78c,Vishudh Shah,2025-04-10,20:14:16,-07:00,2025-04-10T20:14:16-07:00,1,43
style.css,56,css,11444e46,Vishudh Shah,2025-04-17,22:16:32,-07:00,2025-04-17T22:16:32-07:00,1,67
style.css,57,css,dca0a78c,Vishudh Shah,2025-04-10,20:14:16,-07:00,2025-04-10T20:14:16-07:00,1,57
style.css,58,css,dca0a78c,Vishudh Shah,2025-04-10,20:14:16,-07:00,2025-04-10T20:14:16-07:00,0,0
style.css,59,css,dca0a78c,Vishudh Shah,2025-04-10,20:14:16,-07:00,2025-04-10T20:14:16-07:00,0,0
style.css,60,css,478fb7ac,Vishudh Shah,2025-05-02,17:54:52,-07:00,2025-05-02T17:54:52-07:00,0,32
style.css,61,css,478fb7ac,Vishudh Shah,2025-05-02,17:54:52,-07:00,2025-05-02T17:54:52-07:00,0,0
style.css,62,css,478fb7ac,Vishudh Shah,2025-05-02,17:54:52,-07:00,2025-05-02T17:54:52-07:00,0,13
style.css,63,css,478fb7ac,Vishudh Shah,2025-05-02,17:54:52,-07:00,2025-05-02T17:54:52-07:00,1,67
style.css,64,css,478fb7ac,Vishudh Shah,2025-05-02,17:54:52,-07:00,2025-05-02T17:54:52-07:00,1,16
style.css,65,css,478fb7ac,Vishudh Shah,2025-05-02,17:54:52,-07:00,2025-05-02T17:54:52-07:00,1,12
style.css,66,css,478fb7ac,Vishudh Shah,2025-05-02,17:54:52,-07:00,2025-05-02T17:54:52-07:00,1,75
style.css,67,css,478fb7ac,Vishudh Shah,2025-05-02,17:54:52,-07:00,2025-05-02T17:54:52-07:00,1,16
style.css,68,css,478fb7ac,Vishudh Shah,2025-05-02,17:54:52,-07:00,2025-05-02T17:54:52-07:00,0,0
style.css,69,css,478fb7ac,Vishudh Shah,2025-05-02,17:54:52,-07:00,2025-05-02T17:54:52-07:00,0,0
style.css,70,css,478fb7ac,Vishudh Shah,2025-05-02,17:54:52,-07:00,2025-05-02T17:54:52-07:00,0,19
style.css,71,css,478fb7ac,Vishudh Shah,2025-05-02,17:54:52,-07:00,2025-05-02T17:54:52-07:00,1,72
style.css,72,css,478fb7ac,Vishudh Shah,2025-05-02,17:54:52,-07:00,2025-05-02T17:54:52-07:00,0,0
style.css,73,css,478fb7ac,Vishudh Shah,2025-05-02,17:54:52,-07:00,2025-05-02T17:54:52-07:00,0,0
style.css,74,css,478fb7ac,Vishudh Shah,2025-05-02,17:54:52,-07:00,2025-05-02T17:54:52-07:00,0,18
style.css,75,css,478fb7ac,Vishudh Shah,2025-05-02,17:54:52,-07:00,2025-05-02T17:54:52-07:00,0,0
style.css,76,css,478fb7ac,Vishudh Shah,2025-05-02,17:54:52,-07:00,2025-05-02T17:54:52-07:00,0,12
style.css,77,css,478fb7ac,Vishudh Shah,2025-05-02,17:54:52,-07:00,2025-05-02T17:54:52-07:00,1,67
style.css,78,css,478fb7ac,Vishudh Shah,2025-05-02,17:54:52,-07:00,2025-05-02T17:54:52-07:00,1,16
style.css,79,css,478fb7ac,Vishudh Shah,2025-05-02,17:54:52,-07:00,2025-05-02T17:54:52-07:00,1,12
style.css,80,css,478fb7ac,Vishudh Shah,2025-05-02,17:54:52,-07:00,2025-05-02T17:54:52-07:00,1,75
style.css,81,css,478fb7ac,Vishudh Shah,2025-05-02,17:54:52,-07:00,2025-05-02T17:54:52-07:00,1,16
style.css,82,css,478fb7ac,Vishudh Shah,2025-05-02,17:54:52,-07:00,2025-05-02T17:54:52-07:00,1,12
style.css,83,css,478fb7ac,Vishudh Shah,2025-05-02,17:54:52,-07:00,2025-05-02T17:54:52-07:00,0,0
style.css,84,css,478fb7ac,Vishudh Shah,2025-05-02,17:54:52,-07:00,2025-05-02T17:54:52-07:00,0,0
style.css,85,css,478fb7ac,Vishudh Shah,2025-05-02,17:54:52,-07:00,2025-05-02T17:54:52-07:00,0,18
style.css,86,css,478fb7ac,Vishudh Shah,2025-05-02,17:54:52,-07:00,2025-05-02T17:54:52-07:00,1,72
style.css,87,css,478fb7ac,Vishudh Shah,2025-05-02,17:54:52,-07:00,2025-05-02T17:54:52-07:00,0,0
style.css,88,css,478fb7ac,Vishudh Shah,2025-05-02,17:54:52,-07:00,2025-05-02T17:54:52-07:00,0,0
style.css,89,css,478fb7ac,Vishudh Shah,2025-05-02,17:54:52,-07:00,2025-05-02T17:54:52-07:00,0,9
style.css,90,css,478fb7ac,Vishudh Shah,2025-05-02,17:54:52,-07:00,2025-05-02T17:54:52-07:00,1,10
style.css,91,css,478fb7ac,Vishudh Shah,2025-05-02,17:54:52,-07:00,2025-05-02T17:54:52-07:00,1,55
style.css,92,css,478fb7ac,Vishudh Shah,2025-05-02,17:54:52,-07:00,2025-05-02T17:54:52-07:00,1,6
style.css,93,css,478fb7ac,Vishudh Shah,2025-05-02,17:54:52,-07:00,2025-05-02T17:54:52-07:00,1,15
style.css,94,css,478fb7ac,Vishudh Shah,2025-05-02,17:54:52,-07:00,2025-05-02T17:54:52-07:00,0,0
style.css,95,css,478fb7ac,Vishudh Shah,2025-05-02,17:54:52,-07:00,2025-05-02T17:54:52-07:00,0,0
style.css,96,css,478fb7ac,Vishudh Shah,2025-05-02,17:54:52,-07:00,2025-05-02T17:54:52-07:00,0,9
style.css,97,css,478fb7ac,Vishudh Shah,2025-05-02,17:54:52,-07:00,2025-05-02T17:54:52-07:00,1,15
style.css,98,css,478fb7ac,Vishudh Shah,2025-05-02,17:54:52,-07:00,2025-05-02T17:54:52-07:00,1,22
style.css,99,css,478fb7ac,Vishudh Shah,2025-05-02,17:54:52,-07:00,2025-05-02T17:54:52-07:00,1,19
style.css,100,css,478fb7ac,Vishudh Shah,2025-05-02,17:54:52,-07:00,2025-05-02T17:54:52-07:00,1,22
style.css,101,css,478fb7ac,Vishudh Shah,2025-05-02,17:54:52,-07:00,2025-05-02T17:54:52-07:00,1,15
style.css,102,css,478fb7ac,Vishudh Shah,2025-05-02,17:54:52,-07:00,2025-05-02T17:54:52-07:00,0,0
style.css,103,css,478fb7ac,Vishudh Shah,2025-05-02,17:54:52,-07:00,2025-05-02T17:54:52-07:00,0,0
style.css,104,css,478fb7ac,Vishudh Shah,2025-05-02,17:54:52,-07:00,2025-05-02T17:54:52-07:00,0,9
style.css,105,css,478fb7ac,Vishudh Shah,2025-05-02,17:54:52,-07:00,2025-05-02T17:54:52-07:00,1,15
style.css,106,css,478fb7ac,Vishudh Shah,2025-05-02,17:54:52,-07:00,2025-05-02T17:54:52-07:00,1,14
style.css,107,css,478fb7ac,Vishudh Shah,2025-05-02,17:54:52,-07:00,2025-05-02T17:54:52-07:00,0,0
style.css,108,css,478fb7ac,Vishudh Shah,2025-05-02,17:54:52,-07:00,2025-05-02T17:54:52-07:00,0,0
style.css,109,css,4956f8f1,Vishudh Shah,2025-04-25,19:10:52,-07:00,2025-04-25T19:10:52-07:00,0,33
style.css,110,css,dca0a78c,Vishudh Shah,2025-04-10,20:14:16,-07:00,2025-04-10T20:14:16-07:00,0,0
style.css,111,css,dca0a78c,Vishudh Shah,2025-04-10,20:14:16,-07:00,2025-04-10T20:14:16-07:00,0,2
style.css,112,css,dca0a78c,Vishudh Shah,2025-04-10,20:14:16,-07:00,2025-04-10T20:14:16-07:00,1,10
style.css,113,css,dca0a78c,Vishudh Shah,2025-04-10,20:14:16,-07:00,2025-04-10T20:14:16-07:00,1,28
style.css,114,css,dca0a78c,Vishudh Shah,2025-04-10,20:14:16,-07:00,2025-04-10T20:14:16-07:00,1,5
style.css,115,css,dca0a78c,Vishudh Shah,2025-04-10,20:14:16,-07:00,2025-04-10T20:14:16-07:00,0,0
style.css,116,css,dca0a78c,Vishudh Shah,2025-04-10,20:14:16,-07:00,2025-04-10T20:14:16-07:00,0,0
style.css,117,css,dca0a78c,Vishudh Shah,2025-04-10,20:14:16,-07:00,2025-04-10T20:14:16-07:00,0,2
style.css,118,css,dca0a78c,Vishudh Shah,2025-04-10,20:14:16,-07:00,2025-04-10T20:14:16-07:00,0,5
style.css,119,css,dca0a78c,Vishudh Shah,2025-04-10,20:14:16,-07:00,2025-04-10T20:14:16-07:00,0,4
style.css,120,css,dca0a78c,Vishudh Shah,2025-04-10,20:14:16,-07:00,2025-04-10T20:14:16-07:00,1,10
style.css,121,css,dca0a78c,Vishudh Shah,2025-04-10,20:14:16,-07:00,2025-04-10T20:14:16-07:00,1,19
style.css,122,css,dca0a78c,Vishudh Shah,2025-04-10,20:14:16,-07:00,2025-04-10T20:14:16-07:00,0,0
style.css,123,css,dca0a78c,Vishudh Shah,2025-04-10,20:14:16,-07:00,2025-04-10T20:14:16-07:00,0,0
style.css,124,css,11444e46,Vishudh Shah,2025-04-17,22:16:32,-07:00,2025-04-17T22:16:32-07:00,0,22
style.css,125,css,dca0a78c,Vishudh Shah,2025-04-10,20:14:16,-07:00,2025-04-10T20:14:16-07:00,1,14
style.css,126,css,dca0a78c,Vishudh Shah,2025-04-10,20:14:16,-07:00,2025-04-10T20:14:16-07:00,0,0
style.css,127,css,dca0a78c,Vishudh Shah,2025-04-10,20:14:16,-07:00,2025-04-10T20:14:16-07:00,0,0
style.css,128,css,dca0a78c,Vishudh Shah,2025-04-10,20:14:16,-07:00,2025-04-10T20:14:16-07:00,0,4
style.css,129,css,dca0a78c,Vishudh Shah,2025-04-10,20:14:16,-07:00,2025-04-10T20:14:16-07:00,1,16
style.css,130,css,dca0a78c,Vishudh Shah,2025-04-10,20:14:16,-07:00,2025-04-10T20:14:16-07:00,0,0
style.css,131,css,dca0a78c,Vishudh Shah,2025-04-10,20:14:16,-07:00,2025-04-10T20:14:16-07:00,0,0
style.css,132,css,dca0a78c,Vishudh Shah,2025-04-10,20:14:16,-07:00,2025-04-10T20:14:16-07:00,0,7
style.css,133,css,dca0a78c,Vishudh Shah,2025-04-10,20:14:16,-07:00,2025-04-10T20:14:16-07:00,1,10
style.css,134,css,dca0a78c,Vishudh Shah,2025-04-10,20:14:16,-07:00,2025-04-10T20:14:16-07:00,1,56
style.css,135,css,dca0a78c,Vishudh Shah,2025-04-10,20:14:16,-07:00,2025-04-10T20:14:16-07:00,1,5
style.css,136,css,dca0a78c,Vishudh Shah,2025-04-10,20:14:16,-07:00,2025-04-10T20:14:16-07:00,0,0
style.css,137,css,dca0a78c,Vishudh Shah,2025-04-10,20:14:16,-07:00,2025-04-10T20:14:16-07:00,0,0
style.css,138,css,dca0a78c,Vishudh Shah,2025-04-10,20:14:16,-07:00,2025-04-10T20:14:16-07:00,0,5
style.css,139,css,dca0a78c,Vishudh Shah,2025-04-10,20:14:16,-07:00,2025-04-10T20:14:16-07:00,1,10
style.css,140,css,dca0a78c,Vishudh Shah,2025-04-10,20:14:16,-07:00,2025-04-10T20:14:16-07:00,1,24
style.css,141,css,dca0a78c,Vishudh Shah,2025-04-10,20:14:16,-07:00,2025-04-10T20:14:16-07:00,1,13
style.css,142,css,dca0a78c,Vishudh Shah,2025-04-10,20:14:16,-07:00,2025-04-10T20:14:16-07:00,0,0
style.css,143,css,dca0a78c,Vishudh Shah,2025-04-10,20:14:16,-07:00,2025-04-10T20:14:16-07:00,0,0
style.css,144,css,dca0a78c,Vishudh Shah,2025-04-10,20:14:16,-07:00,2025-04-10T20:14:16-07:00,0,8
style.css,145,css,dca0a78c,Vishudh Shah,2025-04-10,20:14:16,-07:00,2025-04-10T20:14:16-07:00,1,6
style.css,146,css,dca0a78c,Vishudh Shah,2025-04-10,20:14:16,-07:00,2025-04-10T20:14:16-07:00,0,0
style.css,147,css,dca0a78c,Vishudh Shah,2025-04-10,20:14:16,-07:00,2025-04-10T20:14:16-07:00,0,0
style.css,148,css,dca0a78c,Vishudh Shah,2025-04-10,20:14:16,-07:00,2025-04-10T20:14:16-07:00,0,0
style.css,149,css,dca0a78c,Vishudh Shah,2025-04-10,20:14:16,-07:00,2025-04-10T20:14:16-07:00,1,12
style.css,150,css,dca0a78c,Vishudh Shah,2025-04-10,20:14:16,-07:00,2025-04-10T20:14:16-07:00,1,34
style.css,151,css,dca0a78c,Vishudh Shah,2025-04-10,20:14:16,-07:00,2025-04-10T20:14:16-07:00,1,16
style.css,152,css,dca0a78c,Vishudh Shah,2025-04-10,20:14:16,-07:00,2025-04-10T20:14:16-07:00,0,0
style.css,153,css,dca0a78c,Vishudh Shah,2025-04-10,20:14:16,-07:00,2025-04-10T20:14:16-07:00,0,0
style.css,154,css,dca0a78c,Vishudh Shah,2025-04-10,20:14:16,-07:00,2025-04-10T20:14:16-07:00,0,20
style.css,155,css,dca0a78c,Vishudh Shah,2025-04-10,20:14:16,-07:00,2025-04-10T20:14:16-07:00,1,13
style.css,156,css,dca0a78c,Vishudh Shah,2025-04-10,20:14:16,-07:00,2025-04-10T20:14:16-07:00,1,63
style.css,157,css,cd0d4448,Vishudh Shah,2025-04-10,22:21:30,-07:00,2025-04-10T22:21:30-07:00,0,0
style.css,158,css,cd0d4448,Vishudh Shah,2025-04-10,22:21:30,-07:00,2025-04-10T22:21:30-07:00,0,0
style.css,159,css,478fb7ac,Vishudh Shah,2025-05-02,17:54:52,-07:00,2025-05-02T17:54:52-07:00,0,11
style.css,160,css,478fb7ac,Vishudh Shah,2025-05-02,17:54:52,-07:00,2025-05-02T17:54:52-07:00,1,21
style.css,161,css,478fb7ac,Vishudh Shah,2025-05-02,17:54:52,-07:00,2025-05-02T17:54:52-07:00,1,32
style.css,162,css,478fb7ac,Vishudh Shah,2025-05-02,17:54:52,-07:00,2025-05-02T17:54:52-07:00,1,15
style.css,163,css,478fb7ac,Vishudh Shah,2025-05-02,17:54:52,-07:00,2025-05-02T17:54:52-07:00,1,22
style.css,164,css,478fb7ac,Vishudh Shah,2025-05-02,17:54:52,-07:00,2025-05-02T17:54:52-07:00,0,0
style.css,165,css,cd0d4448,Vishudh Shah,2025-04-10,22:21:30,-07:00,2025-04-10T22:21:30-07:00,0,0
style.css,166,css,478fb7ac,Vishudh Shah,2025-05-02,17:54:52,-07:00,2025-05-02T17:54:52-07:00,0,16
style.css,167,css,478fb7ac,Vishudh Shah,2025-05-02,17:54:52,-07:00,2025-05-02T17:54:52-07:00,1,12
style.css,168,css,478fb7ac,Vishudh Shah,2025-05-02,17:54:52,-07:00,2025-05-02T17:54:52-07:00,1,14
style.css,169,css,478fb7ac,Vishudh Shah,2025-05-02,17:54:52,-07:00,2025-05-02T17:54:52-07:00,1,14
style.css,170,css,cd0d4448,Vishudh Shah,2025-04-10,22:21:30,-07:00,2025-04-10T22:21:30-07:00,0,0
style.css,171,css,cd0d4448,Vishudh Shah,2025-04-10,22:21:30,-07:00,2025-04-10T22:21:30-07:00,0,0
style.css,172,css,478fb7ac,Vishudh Shah,2025-05-02,17:54:52,-07:00,2025-05-02T17:54:52-07:00,0,5
style.css,173,css,478fb7ac,Vishudh Shah,2025-05-02,17:54:52,-07:00,2025-05-02T17:54:52-07:00,1,18
style.css,174,css,478fb7ac,Vishudh Shah,2025-05-02,17:54:52,-07:00,2025-05-02T17:54:52-07:00,1,7
style.css,175,css,478fb7ac,Vishudh Shah,2025-05-02,17:54:52,-07:00,2025-05-02T17:54:52-07:00,1,16
style.css,176,css,478fb7ac,Vishudh Shah,2025-05-02,17:54:52,-07:00,2025-05-02T17:54:52-07:00,1,21
style.css,177,css,478fb7ac,Vishudh Shah,2025-05-02,17:54:52,-07:00,2025-05-02T17:54:52-07:00,1,15
style.css,178,css,4956f8f1,Vishudh Shah,2025-04-25,19:10:52,-07:00,2025-04-25T19:10:52-07:00,0,0
style.css,179,css,4956f8f1,Vishudh Shah,2025-04-25,19:10:52,-07:00,2025-04-25T19:10:52-07:00,0,0
style.css,180,css,478fb7ac,Vishudh Shah,2025-05-02,17:54:52,-07:00,2025-05-02T17:54:52-07:00,0,5
style.css,181,css,478fb7ac,Vishudh Shah,2025-05-02,17:54:52,-07:00,2025-05-02T17:54:52-07:00,1,4
style.css,182,css,478fb7ac,Vishudh Shah,2025-05-02,17:54:52,-07:00,2025-05-02T17:54:52-07:00,1,10
style.css,183,css,478fb7ac,Vishudh Shah,2025-05-02,17:54:52,-07:00,2025-05-02T17:54:52-07:00,1,55
style.css,184,css,478fb7ac,Vishudh Shah,2025-05-02,17:54:52,-07:00,2025-05-02T17:54:52-07:00,1,5
style.css,185,css,478fb7ac,Vishudh Shah,2025-05-02,17:54:52,-07:00,2025-05-02T17:54:52-07:00,1,19
style.css,186,css,478fb7ac,Vishudh Shah,2025-05-02,17:54:52,-07:00,2025-05-02T17:54:52-07:00,1,9
style.css,187,css,478fb7ac,Vishudh Shah,2025-05-02,17:54:52,-07:00,2025-05-02T17:54:52-07:00,0,0
style.css,188,css,4956f8f1,Vishudh Shah,2025-04-25,19:10:52,-07:00,2025-04-25T19:10:52-07:00,0,0
style.css,189,css,478fb7ac,Vishudh Shah,2025-05-02,17:54:52,-07:00,2025-05-02T17:54:52-07:00,0,8
style.css,190,css,478fb7ac,Vishudh Shah,2025-05-02,17:54:52,-07:00,2025-05-02T17:54:52-07:00,1,10
style.css,191,css,478fb7ac,Vishudh Shah,2025-05-02,17:54:52,-07:00,2025-05-02T17:54:52-07:00,1,16
style.css,192,css,478fb7ac,Vishudh Shah,2025-05-02,17:54:52,-07:00,2025-05-02T17:54:52-07:00,1,7
style.css,193,css,4956f8f1,Vishudh Shah,2025-04-25,19:10:52,-07:00,2025-04-25T19:10:52-07:00,0,0
style.css,194,css,4956f8f1,Vishudh Shah,2025-04-25,19:10:52,-07:00,2025-04-25T19:10:52-07:00,0,0
style.css,195,css,478fb7ac,Vishudh Shah,2025-05-02,17:54:52,-07:00,2025-05-02T17:54:52-07:00,0,8
style.css,196,css,478fb7ac,Vishudh Shah,2025-05-02,17:54:52,-07:00,2025-05-02T17:54:52-07:00,1,10
style.css,197,css,478fb7ac,Vishudh Shah,2025-05-02,17:54:52,-07:00,2025-05-02T17:54:52-07:00,1,16
style.css,198,css,478fb7ac,Vishudh Shah,2025-05-02,17:54:52,-07:00,2025-05-02T17:54:52-07:00,1,5
style.css,199,css,4956f8f1,Vishudh Shah,2025-04-25,19:10:52,-07:00,2025-04-25T19:10:52-07:00,0,0
style.css,200,css,4956f8f1,Vishudh Shah,2025-04-25,19:10:52,-07:00,2025-04-25T19:10:52-07:00,0,0
style.css,201,css,478fb7ac,Vishudh Shah,2025-05-02,17:54:52,-07:00,2025-05-02T17:54:52-07:00,0,15
style.css,202,css,478fb7ac,Vishudh Shah,2025-05-02,17:54:52,-07:00,2025-05-02T17:54:52-07:00,1,14
style.css,203,css,478fb7ac,Vishudh Shah,2025-05-02,17:54:52,-07:00,2025-05-02T17:54:52-07:00,2,9
style.css,204,css,478fb7ac,Vishudh Shah,2025-05-02,17:54:52,-07:00,2025-05-02T17:54:52-07:00,1,0
style.css,205,css,4956f8f1,Vishudh Shah,2025-04-25,19:10:52,-07:00,2025-04-25T19:10:52-07:00,0,0
style.css,206,css,4956f8f1,Vishudh Shah,2025-04-25,19:10:52,-07:00,2025-04-25T19:10:52-07:00,0,0
style.css,207,css,478fb7ac,Vishudh Shah,2025-05-02,17:54:52,-07:00,2025-05-02T17:54:52-07:00,0,2
style.css,208,css,478fb7ac,Vishudh Shah,2025-05-02,17:54:52,-07:00,2025-05-02T17:54:52-07:00,1,14
style.css,209,css,478fb7ac,Vishudh Shah,2025-05-02,17:54:52,-07:00,2025-05-02T17:54:52-07:00,1,12
style.css,210,css,4956f8f1,Vishudh Shah,2025-04-25,19:10:52,-07:00,2025-04-25T19:10:52-07:00,0,0
style.css,211,css,4956f8f1,Vishudh Shah,2025-04-25,19:10:52,-07:00,2025-04-25T19:10:52-07:00,0,0
style.css,212,css,478fb7ac,Vishudh Shah,2025-05-02,17:54:52,-07:00,2025-05-02T17:54:52-07:00,0,7
style.css,213,css,478fb7ac,Vishudh Shah,2025-05-02,17:54:52,-07:00,2025-05-02T17:54:52-07:00,1,33
style.css,214,css,478fb7ac,Vishudh Shah,2025-05-02,17:54:52,-07:00,2025-05-02T17:54:52-07:00,0,0
style.css,215,css,478fb7ac,Vishudh Shah,2025-05-02,17:54:52,-07:00,2025-05-02T17:54:52-07:00,1,8
style.css,216,css,478fb7ac,Vishudh Shah,2025-05-02,17:54:52,-07:00,2025-05-02T17:54:52-07:00,2,15
style.css,217,css,478fb7ac,Vishudh Shah,2025-05-02,17:54:52,-07:00,2025-05-02T17:54:52-07:00,1,0
style.css,218,css,5525f349,Vishudh Shah,2025-04-02,23:12:18,-07:00,2025-04-02T23:12:18-07:00,0,0
index.js,1,js,4956f8f1,Vishudh Shah,2025-04-25,19:10:52,-07:00,2025-04-25T19:10:52-07:00,0,69
index.js,2,js,4956f8f1,Vishudh Shah,2025-04-25,19:10:52,-07:00,2025-04-25T19:10:52-07:00,0,0
index.js,3,js,4956f8f1,Vishudh Shah,2025-04-25,19:10:52,-07:00,2025-04-25T19:10:52-07:00,0,52
index.js,4,js,4956f8f1,Vishudh Shah,2025-04-25,19:10:52,-07:00,2025-04-25T19:10:52-07:00,0,40
index.js,5,js,4956f8f1,Vishudh Shah,2025-04-25,19:10:52,-07:00,2025-04-25T19:10:52-07:00,0,0
index.js,6,js,4956f8f1,Vishudh Shah,2025-04-25,19:10:52,-07:00,2025-04-25T19:10:52-07:00,0,58
index.js,7,js,4956f8f1,Vishudh Shah,2025-04-25,19:10:52,-07:00,2025-04-25T19:10:52-07:00,0,52
index.js,8,js,4956f8f1,Vishudh Shah,2025-04-25,19:10:52,-07:00,2025-04-25T19:10:52-07:00,0,0
index.js,9,js,4956f8f1,Vishudh Shah,2025-04-25,19:10:52,-07:00,2025-04-25T19:10:52-07:00,0,52
index.js,10,js,4956f8f1,Vishudh Shah,2025-04-25,19:10:52,-07:00,2025-04-25T19:10:52-07:00,0,0
index.js,11,js,4956f8f1,Vishudh Shah,2025-04-25,19:10:52,-07:00,2025-04-25T19:10:52-07:00,0,58
index.js,12,js,4956f8f1,Vishudh Shah,2025-04-25,19:10:52,-07:00,2025-04-25T19:10:52-07:00,0,15
index.js,13,js,4956f8f1,Vishudh Shah,2025-04-25,19:10:52,-07:00,2025-04-25T19:10:52-07:00,1,22
index.js,14,js,4956f8f1,Vishudh Shah,2025-04-25,19:10:52,-07:00,2025-04-25T19:10:52-07:00,2,20
index.js,15,js,4956f8f1,Vishudh Shah,2025-04-25,19:10:52,-07:00,2025-04-25T19:10:52-07:00,3,20
index.js,16,js,4956f8f1,Vishudh Shah,2025-04-25,19:10:52,-07:00,2025-04-25T19:10:52-07:00,4,35
index.js,17,js,4956f8f1,Vishudh Shah,2025-04-25,19:10:52,-07:00,2025-04-25T19:10:52-07:00,4,49
index.js,18,js,4956f8f1,Vishudh Shah,2025-04-25,19:10:52,-07:00,2025-04-25T19:10:52-07:00,3,2
index.js,19,js,4956f8f1,Vishudh Shah,2025-04-25,19:10:52,-07:00,2025-04-25T19:10:52-07:00,3,20
index.js,20,js,4956f8f1,Vishudh Shah,2025-04-25,19:10:52,-07:00,2025-04-25T19:10:52-07:00,4,35
index.js,21,js,4956f8f1,Vishudh Shah,2025-04-25,19:10:52,-07:00,2025-04-25T19:10:52-07:00,4,49
index.js,22,js,4956f8f1,Vishudh Shah,2025-04-25,19:10:52,-07:00,2025-04-25T19:10:52-07:00,3,2
index.js,23,js,4956f8f1,Vishudh Shah,2025-04-25,19:10:52,-07:00,2025-04-25T19:10:52-07:00,3,20
index.js,24,js,4956f8f1,Vishudh Shah,2025-04-25,19:10:52,-07:00,2025-04-25T19:10:52-07:00,4,38
index.js,25,js,4956f8f1,Vishudh Shah,2025-04-25,19:10:52,-07:00,2025-04-25T19:10:52-07:00,4,52
index.js,26,js,4956f8f1,Vishudh Shah,2025-04-25,19:10:52,-07:00,2025-04-25T19:10:52-07:00,3,2
index.js,27,js,4956f8f1,Vishudh Shah,2025-04-25,19:10:52,-07:00,2025-04-25T19:10:52-07:00,3,20
index.js,28,js,4956f8f1,Vishudh Shah,2025-04-25,19:10:52,-07:00,2025-04-25T19:10:52-07:00,4,38
index.js,29,js,4956f8f1,Vishudh Shah,2025-04-25,19:10:52,-07:00,2025-04-25T19:10:52-07:00,4,52
index.js,30,js,4956f8f1,Vishudh Shah,2025-04-25,19:10:52,-07:00,2025-04-25T19:10:52-07:00,3,2
index.js,31,js,4956f8f1,Vishudh Shah,2025-04-25,19:10:52,-07:00,2025-04-25T19:10:52-07:00,2,2
index.js,32,js,4956f8f1,Vishudh Shah,2025-04-25,19:10:52,-07:00,2025-04-25T19:10:52-07:00,1,0
index.js,33,js,4956f8f1,Vishudh Shah,2025-04-25,19:10:52,-07:00,2025-04-25T19:10:52-07:00,0,0
index.html,1,html,d8fed9a4,Vishudh Shah,2025-04-02,19:41:01,-07:00,2025-04-02T19:41:01-07:00,0,11
index.html,2,html,d8fed9a4,Vishudh Shah,2025-04-02,19:41:01,-07:00,2025-04-02T19:41:01-07:00,0,12
index.html,3,html,dca0a78c,Vishudh Shah,2025-04-10,20:14:16,-07:00,2025-04-10T20:14:16-07:00,0,0
index.html,4,html,d8fed9a4,Vishudh Shah,2025-04-02,19:41:01,-07:00,2025-04-02T19:41:01-07:00,0,2
index.html,5,html,d8fed9a4,Vishudh Shah,2025-04-02,19:41:01,-07:00,2025-04-02T19:41:01-07:00,1,18
index.html,6,html,d8fed9a4,Vishudh Shah,2025-04-02,19:41:01,-07:00,2025-04-02T19:41:01-07:00,1,66
index.html,7,html,4956f8f1,Vishudh Shah,2025-04-25,19:10:52,-07:00,2025-04-25T19:10:52-07:00,1,52
index.html,8,html,dca0a78c,Vishudh Shah,2025-04-10,20:14:16,-07:00,2025-04-10T20:14:16-07:00,1,36
index.html,9,html,d8fed9a4,Vishudh Shah,2025-04-02,19:41:01,-07:00,2025-04-02T19:41:01-07:00,0,3
index.html,10,html,dca0a78c,Vishudh Shah,2025-04-10,20:14:16,-07:00,2025-04-10T20:14:16-07:00,0,0
index.html,11,html,d8fed9a4,Vishudh Shah,2025-04-02,19:41:01,-07:00,2025-04-02T19:41:01-07:00,0,2
index.html,12,html,11444e46,Vishudh Shah,2025-04-17,22:16:32,-07:00,2025-04-17T22:16:32-07:00,1,6
index.html,13,html,9c5a78f4,Vishudh Shah,2025-04-02,23:54:31,-07:00,2025-04-02T23:54:31-07:00,2,0
index.html,14,html,11444e46,Vishudh Shah,2025-04-17,22:16:32,-07:00,2025-04-17T22:16:32-07:00,3,34
index.html,15,html,c8bd9de2,Vishudh Shah,2025-04-03,01:06:21,-07:00,2025-04-03T01:06:21-07:00,3,47
index.html,16,html,c8bd9de2,Vishudh Shah,2025-04-03,01:06:21,-07:00,2025-04-03T01:06:21-07:00,3,43
index.html,17,html,c8bd9de2,Vishudh Shah,2025-04-03,01:06:21,-07:00,2025-04-03T01:06:21-07:00,3,45
index.html,18,html,9c5a78f4,Vishudh Shah,2025-04-02,23:54:31,-07:00,2025-04-02T23:54:31-07:00,3,72
index.html,19,html,9c5a78f4,Vishudh Shah,2025-04-02,23:54:31,-07:00,2025-04-02T23:54:31-07:00,2,1
index.html,20,html,11444e46,Vishudh Shah,2025-04-17,22:16:32,-07:00,2025-04-17T22:16:32-07:00,1,6
index.html,21,html,c195c810,Vishudh Shah,2025-04-03,00:35:46,-07:00,2025-04-03T00:35:46-07:00,0,0
index.html,22,html,d8fed9a4,Vishudh Shah,2025-04-02,19:41:01,-07:00,2025-04-02T19:41:01-07:00,1,17
index.html,23,html,9c5a78f4,Vishudh Shah,2025-04-02,23:54:31,-07:00,2025-04-02T23:54:31-07:00,0,0
index.html,24,html,d8fed9a4,Vishudh Shah,2025-04-02,19:41:01,-07:00,2025-04-02T19:41:01-07:00,1,0
index.html,25,html,dca0a78c,Vishudh Shah,2025-04-10,20:14:16,-07:00,2025-04-10T20:14:16-07:00,2,124
index.html,26,html,dca0a78c,Vishudh Shah,2025-04-10,20:14:16,-07:00,2025-04-10T20:14:16-07:00,2,168
index.html,27,html,dca0a78c,Vishudh Shah,2025-04-10,20:14:16,-07:00,2025-04-10T20:14:16-07:00,2,127
index.html,28,html,d8fed9a4,Vishudh Shah,2025-04-02,19:41:01,-07:00,2025-04-02T19:41:01-07:00,1,0
index.html,29,html,d8fed9a4,Vishudh Shah,2025-04-02,19:41:01,-07:00,2025-04-02T19:41:01-07:00,1,0
index.html,30,html,dca0a78c,Vishudh Shah,2025-04-10,20:14:16,-07:00,2025-04-10T20:14:16-07:00,2,195
index.html,31,html,dca0a78c,Vishudh Shah,2025-04-10,20:14:16,-07:00,2025-04-10T20:14:16-07:00,2,101
index.html,32,html,dca0a78c,Vishudh Shah,2025-04-10,20:14:16,-07:00,2025-04-10T20:14:16-07:00,2,222
index.html,33,html,d8fed9a4,Vishudh Shah,2025-04-02,19:41:01,-07:00,2025-04-02T19:41:01-07:00,1,0
index.html,34,html,9c5a78f4,Vishudh Shah,2025-04-02,23:54:31,-07:00,2025-04-02T23:54:31-07:00,0,0
index.html,35,html,4956f8f1,Vishudh Shah,2025-04-25,19:10:52,-07:00,2025-04-25T19:10:52-07:00,1,20
index.html,36,html,4956f8f1,Vishudh Shah,2025-04-25,19:10:52,-07:00,2025-04-25T19:10:52-07:00,1,24
index.html,37,html,4956f8f1,Vishudh Shah,2025-04-25,19:10:52,-07:00,2025-04-25T19:10:52-07:00,0,0
index.html,38,html,4956f8f1,Vishudh Shah,2025-04-25,19:10:52,-07:00,2025-04-25T19:10:52-07:00,1,20
index.html,39,html,4956f8f1,Vishudh Shah,2025-04-25,19:10:52,-07:00,2025-04-25T19:10:52-07:00,1,26
index.html,40,html,4956f8f1,Vishudh Shah,2025-04-25,19:10:52,-07:00,2025-04-25T19:10:52-07:00,0,0
index.html,41,html,287869a9,Vishudh Shah,2025-04-02,21:17:53,-07:00,2025-04-02T21:17:53-07:00,1,91
index.html,42,html,11444e46,Vishudh Shah,2025-04-17,22:16:32,-07:00,2025-04-17T22:16:32-07:00,0,0
index.html,43,html,4956f8f1,Vishudh Shah,2025-04-25,19:10:52,-07:00,2025-04-25T19:10:52-07:00,1,45
index.html,44,html,4956f8f1,Vishudh Shah,2025-04-25,19:10:52,-07:00,2025-04-25T19:10:52-07:00,1,50
index.html,45,html,d8fed9a4,Vishudh Shah,2025-04-02,19:41:01,-07:00,2025-04-02T19:41:01-07:00,0,3
index.html,46,html,dca0a78c,Vishudh Shah,2025-04-10,20:14:16,-07:00,2025-04-10T20:14:16-07:00,0,0
index.html,47,html,d8fed9a4,Vishudh Shah,2025-04-02,19:41:01,-07:00,2025-04-02T19:41:01-07:00,0,3
global.js,1,js,11444e46,Vishudh Shah,2025-04-17,22:16:32,-07:00,2025-04-17T22:16:32-07:00,0,23
global.js,2,js,11444e46,Vishudh Shah,2025-04-17,22:16:32,-07:00,2025-04-17T22:16:32-07:00,0,0
global.js,3,js,11444e46,Vishudh Shah,2025-04-17,22:16:32,-07:00,2025-04-17T22:16:32-07:00,0,86
global.js,4,js,11444e46,Vishudh Shah,2025-04-17,22:16:32,-07:00,2025-04-17T22:16:32-07:00,1,31
global.js,5,js,11444e46,Vishudh Shah,2025-04-17,22:16:32,-07:00,2025-04-17T22:16:32-07:00,1,41
global.js,6,js,11444e46,Vishudh Shah,2025-04-17,22:16:32,-07:00,2025-04-17T22:16:32-07:00,0,0
global.js,7,js,11444e46,Vishudh Shah,2025-04-17,22:16:32,-07:00,2025-04-17T22:16:32-07:00,0,39
global.js,8,js,11444e46,Vishudh Shah,2025-04-17,22:16:32,-07:00,2025-04-17T22:16:32-07:00,1,50
global.js,9,js,11444e46,Vishudh Shah,2025-04-17,22:16:32,-07:00,2025-04-17T22:16:32-07:00,0,0
global.js,10,js,11444e46,Vishudh Shah,2025-04-17,22:16:32,-07:00,2025-04-17T22:16:32-07:00,0,0
global.js,11,js,11444e46,Vishudh Shah,2025-04-17,22:16:32,-07:00,2025-04-17T22:16:32-07:00,0,29
global.js,12,js,11444e46,Vishudh Shah,2025-04-17,22:16:32,-07:00,2025-04-17T22:16:32-07:00,1,63
global.js,13,js,11444e46,Vishudh Shah,2025-04-17,22:16:32,-07:00,2025-04-17T22:16:32-07:00,1,18
global.js,14,js,11444e46,Vishudh Shah,2025-04-17,22:16:32,-07:00,2025-04-17T22:16:32-07:00,1,30
global.js,15,js,11444e46,Vishudh Shah,2025-04-17,22:16:32,-07:00,2025-04-17T22:16:32-07:00,1,43
global.js,16,js,11444e46,Vishudh Shah,2025-04-17,22:16:32,-07:00,2025-04-17T22:16:32-07:00,0,0
global.js,17,js,11444e46,Vishudh Shah,2025-04-17,22:16:32,-07:00,2025-04-17T22:16:32-07:00,0,0
global.js,18,js,11444e46,Vishudh Shah,2025-04-17,22:16:32,-07:00,2025-04-17T22:16:32-07:00,0,26
global.js,19,js,11444e46,Vishudh Shah,2025-04-17,22:16:32,-07:00,2025-04-17T22:16:32-07:00,0,31
global.js,20,js,11444e46,Vishudh Shah,2025-04-17,22:16:32,-07:00,2025-04-17T22:16:32-07:00,0,71
global.js,21,js,11444e46,Vishudh Shah,2025-04-17,22:16:32,-07:00,2025-04-17T22:16:32-07:00,0,1
global.js,22,js,11444e46,Vishudh Shah,2025-04-17,22:16:32,-07:00,2025-04-17T22:16:32-07:00,0,37
global.js,23,js,11444e46,Vishudh Shah,2025-04-17,22:16:32,-07:00,2025-04-17T22:16:32-07:00,0,0
global.js,24,js,11444e46,Vishudh Shah,2025-04-17,22:16:32,-07:00,2025-04-17T22:16:32-07:00,0,9
global.js,25,js,11444e46,Vishudh Shah,2025-04-17,22:16:32,-07:00,2025-04-17T22:16:32-07:00,1,23
global.js,26,js,11444e46,Vishudh Shah,2025-04-17,22:16:32,-07:00,2025-04-17T22:16:32-07:00,1,36
global.js,27,js,11444e46,Vishudh Shah,2025-04-17,22:16:32,-07:00,2025-04-17T22:16:32-07:00,1,32
global.js,28,js,11444e46,Vishudh Shah,2025-04-17,22:16:32,-07:00,2025-04-17T22:16:32-07:00,1,34
global.js,29,js,00000000,Not Committed Yet,2025-05-08,15:18:01,-07:00,2025-05-08T15:18:01-07:00,1,28
global.js,30,js,11444e46,Vishudh Shah,2025-04-17,22:16:32,-07:00,2025-04-17T22:16:32-07:00,1,54
global.js,31,js,11444e46,Vishudh Shah,2025-04-17,22:16:32,-07:00,2025-04-17T22:16:32-07:00,0,0
global.js,32,js,11444e46,Vishudh Shah,2025-04-17,22:16:32,-07:00,2025-04-17T22:16:32-07:00,0,0
global.js,33,js,11444e46,Vishudh Shah,2025-04-17,22:16:32,-07:00,2025-04-17T22:16:32-07:00,0,36
global.js,34,js,11444e46,Vishudh Shah,2025-04-17,22:16:32,-07:00,2025-04-17T22:16:32-07:00,0,60
global.js,35,js,11444e46,Vishudh Shah,2025-04-17,22:16:32,-07:00,2025-04-17T22:16:32-07:00,0,0
global.js,36,js,11444e46,Vishudh Shah,2025-04-17,22:16:32,-07:00,2025-04-17T22:16:32-07:00,0,18
global.js,37,js,11444e46,Vishudh Shah,2025-04-17,22:16:32,-07:00,2025-04-17T22:16:32-07:00,1,12
global.js,38,js,11444e46,Vishudh Shah,2025-04-17,22:16:32,-07:00,2025-04-17T22:16:32-07:00,1,50
global.js,39,js,11444e46,Vishudh Shah,2025-04-17,22:16:32,-07:00,2025-04-17T22:16:32-07:00,1,16
global.js,40,js,11444e46,Vishudh Shah,2025-04-17,22:16:32,-07:00,2025-04-17T22:16:32-07:00,0,0
global.js,41,js,11444e46,Vishudh Shah,2025-04-17,22:16:32,-07:00,2025-04-17T22:16:32-07:00,1,32
global.js,42,js,11444e46,Vishudh Shah,2025-04-17,22:16:32,-07:00,2025-04-17T22:16:32-07:00,1,9
global.js,43,js,11444e46,Vishudh Shah,2025-04-17,22:16:32,-07:00,2025-04-17T22:16:32-07:00,1,27
global.js,44,js,11444e46,Vishudh Shah,2025-04-17,22:16:32,-07:00,2025-04-17T22:16:32-07:00,2,16
global.js,45,js,11444e46,Vishudh Shah,2025-04-17,22:16:32,-07:00,2025-04-17T22:16:32-07:00,1,0
global.js,46,js,11444e46,Vishudh Shah,2025-04-17,22:16:32,-07:00,2025-04-17T22:16:32-07:00,1,18
global.js,47,js,11444e46,Vishudh Shah,2025-04-17,22:16:32,-07:00,2025-04-17T22:16:32-07:00,1,63
global.js,48,js,11444e46,Vishudh Shah,2025-04-17,22:16:32,-07:00,2025-04-17T22:16:32-07:00,2,23
global.js,49,js,11444e46,Vishudh Shah,2025-04-17,22:16:32,-07:00,2025-04-17T22:16:32-07:00,1,0
global.js,50,js,11444e46,Vishudh Shah,2025-04-17,22:16:32,-07:00,2025-04-17T22:16:32-07:00,1,10
global.js,51,js,11444e46,Vishudh Shah,2025-04-17,22:16:32,-07:00,2025-04-17T22:16:32-07:00,0,0
global.js,52,js,11444e46,Vishudh Shah,2025-04-17,22:16:32,-07:00,2025-04-17T22:16:32-07:00,0,0
global.js,53,js,11444e46,Vishudh Shah,2025-04-17,22:16:32,-07:00,2025-04-17T22:16:32-07:00,0,29
global.js,54,js,11444e46,Vishudh Shah,2025-04-17,22:16:32,-07:00,2025-04-17T22:16:32-07:00,1,9
global.js,55,js,11444e46,Vishudh Shah,2025-04-17,22:16:32,-07:00,2025-04-17T22:16:32-07:00,1,0
global.js,56,js,11444e46,Vishudh Shah,2025-04-17,22:16:32,-07:00,2025-04-17T22:16:32-07:00,1,24
global.js,57,js,11444e46,Vishudh Shah,2025-04-17,22:16:32,-07:00,2025-04-17T22:16:32-07:00,2,2
global.js,58,js,11444e46,Vishudh Shah,2025-04-17,22:16:32,-07:00,2025-04-17T22:16:32-07:00,2,4
global.js,59,js,11444e46,Vishudh Shah,2025-04-17,22:16:32,-07:00,2025-04-17T22:16:32-07:00,3,41
global.js,60,js,11444e46,Vishudh Shah,2025-04-17,22:16:32,-07:00,2025-04-17T22:16:32-07:00,3,32
global.js,61,js,11444e46,Vishudh Shah,2025-04-17,22:16:32,-07:00,2025-04-17T22:16:32-07:00,3,30
global.js,62,js,11444e46,Vishudh Shah,2025-04-17,22:16:32,-07:00,2025-04-17T22:16:32-07:00,2,5
global.js,63,js,11444e46,Vishudh Shah,2025-04-17,22:16:32,-07:00,2025-04-17T22:16:32-07:00,1,4
global.js,64,js,11444e46,Vishudh Shah,2025-04-17,22:16:32,-07:00,2025-04-17T22:16:32-07:00,1,0
global.js,65,js,11444e46,Vishudh Shah,2025-04-17,22:16:32,-07:00,2025-04-17T22:16:32-07:00,0,0
global.js,66,js,11444e46,Vishudh Shah,2025-04-17,22:16:32,-07:00,2025-04-17T22:16:32-07:00,0,0
global.js,67,js,11444e46,Vishudh Shah,2025-04-17,22:16:32,-07:00,2025-04-17T22:16:32-07:00,0,56
global.js,68,js,11444e46,Vishudh Shah,2025-04-17,22:16:32,-07:00,2025-04-17T22:16:32-07:00,0,47
global.js,69,js,11444e46,Vishudh Shah,2025-04-17,22:16:32,-07:00,2025-04-17T22:16:32-07:00,1,31
global.js,70,js,11444e46,Vishudh Shah,2025-04-17,22:16:32,-07:00,2025-04-17T22:16:32-07:00,0,0
global.js,71,js,11444e46,Vishudh Shah,2025-04-17,22:16:32,-07:00,2025-04-17T22:16:32-07:00,0,0
global.js,72,js,11444e46,Vishudh Shah,2025-04-17,22:16:32,-07:00,2025-04-17T22:16:32-07:00,0,32
global.js,73,js,11444e46,Vishudh Shah,2025-04-17,22:16:32,-07:00,2025-04-17T22:16:32-07:00,1,37
global.js,74,js,11444e46,Vishudh Shah,2025-04-17,22:16:32,-07:00,2025-04-17T22:16:32-07:00,0,0
global.js,75,js,11444e46,Vishudh Shah,2025-04-17,22:16:32,-07:00,2025-04-17T22:16:32-07:00,0,0
global.js,76,js,4956f8f1,Vishudh Shah,2025-04-25,19:10:52,-07:00,2025-04-25T19:10:52-07:00,0,11
global.js,77,js,11444e46,Vishudh Shah,2025-04-17,22:16:32,-07:00,2025-04-17T22:16:32-07:00,0,38
global.js,78,js,11444e46,Vishudh Shah,2025-04-17,22:16:32,-07:00,2025-04-17T22:16:32-07:00,0,47
global.js,79,js,11444e46,Vishudh Shah,2025-04-17,22:16:32,-07:00,2025-04-17T22:16:32-07:00,1,64
global.js,80,js,11444e46,Vishudh Shah,2025-04-17,22:16:32,-07:00,2025-04-17T22:16:32-07:00,0,0
global.js,81,js,11444e46,Vishudh Shah,2025-04-17,22:16:32,-07:00,2025-04-17T22:16:32-07:00,1,26
global.js,82,js,11444e46,Vishudh Shah,2025-04-17,22:16:32,-07:00,2025-04-17T22:16:32-07:00,1,12
global.js,83,js,11444e46,Vishudh Shah,2025-04-17,22:16:32,-07:00,2025-04-17T22:16:32-07:00,0,0
global.js,84,js,11444e46,Vishudh Shah,2025-04-17,22:16:32,-07:00,2025-04-17T22:16:32-07:00,1,29
global.js,85,js,11444e46,Vishudh Shah,2025-04-17,22:16:32,-07:00,2025-04-17T22:16:32-07:00,2,55
global.js,86,js,11444e46,Vishudh Shah,2025-04-17,22:16:32,-07:00,2025-04-17T22:16:32-07:00,1,0
global.js,87,js,11444e46,Vishudh Shah,2025-04-17,22:16:32,-07:00,2025-04-17T22:16:32-07:00,0,0
global.js,88,js,11444e46,Vishudh Shah,2025-04-17,22:16:32,-07:00,2025-04-17T22:16:32-07:00,1,43
global.js,89,js,11444e46,Vishudh Shah,2025-04-17,22:16:32,-07:00,2025-04-17T22:16:32-07:00,1,16
global.js,90,js,4956f8f1,Vishudh Shah,2025-04-25,19:10:52,-07:00,2025-04-25T19:10:52-07:00,0,0
global.js,91,js,4956f8f1,Vishudh Shah,2025-04-25,19:10:52,-07:00,2025-04-25T19:10:52-07:00,0,0
global.js,92,js,4956f8f1,Vishudh Shah,2025-04-25,19:10:52,-07:00,2025-04-25T19:10:52-07:00,0,34
global.js,93,js,4956f8f1,Vishudh Shah,2025-04-25,19:10:52,-07:00,2025-04-25T19:10:52-07:00,1,1
global.js,94,js,4956f8f1,Vishudh Shah,2025-04-25,19:10:52,-07:00,2025-04-25T19:10:52-07:00,2,37
global.js,95,js,4956f8f1,Vishudh Shah,2025-04-25,19:10:52,-07:00,2025-04-25T19:10:52-07:00,2,30
global.js,96,js,4956f8f1,Vishudh Shah,2025-04-25,19:10:52,-07:00,2025-04-25T19:10:52-07:00,0,0
global.js,97,js,4956f8f1,Vishudh Shah,2025-04-25,19:10:52,-07:00,2025-04-25T19:10:52-07:00,2,32
global.js,98,js,4956f8f1,Vishudh Shah,2025-04-25,19:10:52,-07:00,2025-04-25T19:10:52-07:00,2,15
global.js,99,js,4956f8f1,Vishudh Shah,2025-04-25,19:10:52,-07:00,2025-04-25T19:10:52-07:00,3,64
global.js,100,js,4956f8f1,Vishudh Shah,2025-04-25,19:10:52,-07:00,2025-04-25T19:10:52-07:00,2,0
global.js,101,js,4956f8f1,Vishudh Shah,2025-04-25,19:10:52,-07:00,2025-04-25T19:10:52-07:00,0,0
global.js,102,js,4956f8f1,Vishudh Shah,2025-04-25,19:10:52,-07:00,2025-04-25T19:10:52-07:00,2,22
global.js,103,js,4956f8f1,Vishudh Shah,2025-04-25,19:10:52,-07:00,2025-04-25T19:10:52-07:00,2,31
global.js,104,js,4956f8f1,Vishudh Shah,2025-04-25,19:10:52,-07:00,2025-04-25T19:10:52-07:00,2,8
global.js,105,js,4956f8f1,Vishudh Shah,2025-04-25,19:10:52,-07:00,2025-04-25T19:10:52-07:00,0,0
global.js,106,js,4956f8f1,Vishudh Shah,2025-04-25,19:10:52,-07:00,2025-04-25T19:10:52-07:00,1,13
global.js,107,js,4956f8f1,Vishudh Shah,2025-04-25,19:10:52,-07:00,2025-04-25T19:10:52-07:00,2,57
global.js,108,js,4956f8f1,Vishudh Shah,2025-04-25,19:10:52,-07:00,2025-04-25T19:10:52-07:00,1,0
global.js,109,js,4956f8f1,Vishudh Shah,2025-04-25,19:10:52,-07:00,2025-04-25T19:10:52-07:00,0,0
global.js,110,js,4956f8f1,Vishudh Shah,2025-04-25,19:10:52,-07:00,2025-04-25T19:10:52-07:00,0,0
global.js,111,js,4956f8f1,Vishudh Shah,2025-04-25,19:10:52,-07:00,2025-04-25T19:10:52-07:00,0,77
global.js,112,js,4956f8f1,Vishudh Shah,2025-04-25,19:10:52,-07:00,2025-04-25T19:10:52-07:00,1,27
global.js,113,js,4956f8f1,Vishudh Shah,2025-04-25,19:10:52,-07:00,2025-04-25T19:10:52-07:00,1,28
global.js,114,js,4956f8f1,Vishudh Shah,2025-04-25,19:10:52,-07:00,2025-04-25T19:10:52-07:00,0,0
global.js,115,js,4956f8f1,Vishudh Shah,2025-04-25,19:10:52,-07:00,2025-04-25T19:10:52-07:00,1,45
global.js,116,js,4956f8f1,Vishudh Shah,2025-04-25,19:10:52,-07:00,2025-04-25T19:10:52-07:00,1,27
global.js,117,js,4956f8f1,Vishudh Shah,2025-04-25,19:10:52,-07:00,2025-04-25T19:10:52-07:00,2,27
global.js,118,js,4956f8f1,Vishudh Shah,2025-04-25,19:10:52,-07:00,2025-04-25T19:10:52-07:00,2,46
global.js,119,js,4956f8f1,Vishudh Shah,2025-04-25,19:10:52,-07:00,2025-04-25T19:10:52-07:00,0,0
global.js,120,js,4956f8f1,Vishudh Shah,2025-04-25,19:10:52,-07:00,2025-04-25T19:10:52-07:00,2,33
global.js,121,js,4956f8f1,Vishudh Shah,2025-04-25,19:10:52,-07:00,2025-04-25T19:10:52-07:00,2,17
global.js,122,js,4956f8f1,Vishudh Shah,2025-04-25,19:10:52,-07:00,2025-04-25T19:10:52-07:00,3,47
global.js,123,js,4956f8f1,Vishudh Shah,2025-04-25,19:10:52,-07:00,2025-04-25T19:10:52-07:00,3,47
global.js,124,js,478fb7ac,Vishudh Shah,2025-05-02,17:54:52,-07:00,2025-05-02T17:54:52-07:00,3,1
global.js,125,js,478fb7ac,Vishudh Shah,2025-05-02,17:54:52,-07:00,2025-05-02T17:54:52-07:00,4,25
global.js,126,js,478fb7ac,Vishudh Shah,2025-05-02,17:54:52,-07:00,2025-05-02T17:54:52-07:00,4,42
global.js,127,js,478fb7ac,Vishudh Shah,2025-05-02,17:54:52,-07:00,2025-05-02T17:54:52-07:00,3,2
global.js,128,js,4956f8f1,Vishudh Shah,2025-04-25,19:10:52,-07:00,2025-04-25T19:10:52-07:00,2,0
global.js,129,js,4956f8f1,Vishudh Shah,2025-04-25,19:10:52,-07:00,2025-04-25T19:10:52-07:00,0,0
global.js,130,js,4956f8f1,Vishudh Shah,2025-04-25,19:10:52,-07:00,2025-04-25T19:10:52-07:00,2,31
global.js,131,js,4956f8f1,Vishudh Shah,2025-04-25,19:10:52,-07:00,2025-04-25T19:10:52-07:00,2,34
global.js,132,js,4956f8f1,Vishudh Shah,2025-04-25,19:10:52,-07:00,2025-04-25T19:10:52-07:00,1,0
global.js,133,js,4956f8f1,Vishudh Shah,2025-04-25,19:10:52,-07:00,2025-04-25T19:10:52-07:00,0,0
global.js,134,js,4956f8f1,Vishudh Shah,2025-04-25,19:10:52,-07:00,2025-04-25T19:10:52-07:00,0,0
global.js,135,js,4956f8f1,Vishudh Shah,2025-04-25,19:10:52,-07:00,2025-04-25T19:10:52-07:00,0,45
global.js,136,js,4956f8f1,Vishudh Shah,2025-04-25,19:10:52,-07:00,2025-04-25T19:10:52-07:00,1,57
global.js,137,js,4956f8f1,Vishudh Shah,2025-04-25,19:10:52,-07:00,2025-04-25T19:10:52-07:00,0,0
resume/index.html,1,html,c195c810,Vishudh Shah,2025-04-03,00:35:46,-07:00,2025-04-03T00:35:46-07:00,0,11
resume/index.html,2,html,c195c810,Vishudh Shah,2025-04-03,00:35:46,-07:00,2025-04-03T00:35:46-07:00,0,12
resume/index.html,3,html,dca0a78c,Vishudh Shah,2025-04-10,20:14:16,-07:00,2025-04-10T20:14:16-07:00,0,0
resume/index.html,4,html,c195c810,Vishudh Shah,2025-04-03,00:35:46,-07:00,2025-04-03T00:35:46-07:00,0,2
resume/index.html,5,html,c195c810,Vishudh Shah,2025-04-03,00:35:46,-07:00,2025-04-03T00:35:46-07:00,1,18
resume/index.html,6,html,c195c810,Vishudh Shah,2025-04-03,00:35:46,-07:00,2025-04-03T00:35:46-07:00,1,66
resume/index.html,7,html,c195c810,Vishudh Shah,2025-04-03,00:35:46,-07:00,2025-04-03T00:35:46-07:00,1,17
resume/index.html,8,html,dca0a78c,Vishudh Shah,2025-04-10,20:14:16,-07:00,2025-04-10T20:14:16-07:00,1,39
resume/index.html,9,html,c195c810,Vishudh Shah,2025-04-03,00:35:46,-07:00,2025-04-03T00:35:46-07:00,0,3
resume/index.html,10,html,dca0a78c,Vishudh Shah,2025-04-10,20:14:16,-07:00,2025-04-10T20:14:16-07:00,0,0
resume/index.html,11,html,c195c810,Vishudh Shah,2025-04-03,00:35:46,-07:00,2025-04-03T00:35:46-07:00,0,2
resume/index.html,12,html,11444e46,Vishudh Shah,2025-04-17,22:16:32,-07:00,2025-04-17T22:16:32-07:00,1,6
resume/index.html,13,html,c195c810,Vishudh Shah,2025-04-03,00:35:46,-07:00,2025-04-03T00:35:46-07:00,2,0
resume/index.html,14,html,539ac9dd,Vishudh Shah,2025-04-03,01:12:21,-07:00,2025-04-03T01:12:21-07:00,3,37
resume/index.html,15,html,539ac9dd,Vishudh Shah,2025-04-03,01:12:21,-07:00,2025-04-03T01:12:21-07:00,3,50
resume/index.html,16,html,11444e46,Vishudh Shah,2025-04-17,22:16:32,-07:00,2025-04-17T22:16:32-07:00,3,46
resume/index.html,17,html,539ac9dd,Vishudh Shah,2025-04-03,01:12:21,-07:00,2025-04-03T01:12:21-07:00,3,48
resume/index.html,18,html,c195c810,Vishudh Shah,2025-04-03,00:35:46,-07:00,2025-04-03T00:35:46-07:00,3,72
resume/index.html,19,html,c195c810,Vishudh Shah,2025-04-03,00:35:46,-07:00,2025-04-03T00:35:46-07:00,2,1
resume/index.html,20,html,11444e46,Vishudh Shah,2025-04-17,22:16:32,-07:00,2025-04-17T22:16:32-07:00,1,6
resume/index.html,21,html,c195c810,Vishudh Shah,2025-04-03,00:35:46,-07:00,2025-04-03T00:35:46-07:00,0,0
resume/index.html,22,html,c195c810,Vishudh Shah,2025-04-03,00:35:46,-07:00,2025-04-03T00:35:46-07:00,1,11
resume/index.html,23,html,c195c810,Vishudh Shah,2025-04-03,00:35:46,-07:00,2025-04-03T00:35:46-07:00,0,0
resume/index.html,24,html,c195c810,Vishudh Shah,2025-04-03,00:35:46,-07:00,2025-04-03T00:35:46-07:00,1,17
resume/index.html,25,html,c195c810,Vishudh Shah,2025-04-03,00:35:46,-07:00,2025-04-03T00:35:46-07:00,2,4
resume/index.html,26,html,c195c810,Vishudh Shah,2025-04-03,00:35:46,-07:00,2025-04-03T00:35:46-07:00,3,17
resume/index.html,27,html,c195c810,Vishudh Shah,2025-04-03,00:35:46,-07:00,2025-04-03T00:35:46-07:00,3,33
resume/index.html,28,html,c195c810,Vishudh Shah,2025-04-03,00:35:46,-07:00,2025-04-03T00:35:46-07:00,3,0
resume/index.html,29,html,dca0a78c,Vishudh Shah,2025-04-10,20:14:16,-07:00,2025-04-10T20:14:16-07:00,4,50
resume/index.html,30,html,dca0a78c,Vishudh Shah,2025-04-10,20:14:16,-07:00,2025-04-10T20:14:16-07:00,4,42
resume/index.html,31,html,c195c810,Vishudh Shah,2025-04-03,00:35:46,-07:00,2025-04-03T00:35:46-07:00,4,9
resume/index.html,32,html,c195c810,Vishudh Shah,2025-04-03,00:35:46,-07:00,2025-04-03T00:35:46-07:00,3,0
resume/index.html,33,html,c195c810,Vishudh Shah,2025-04-03,00:35:46,-07:00,2025-04-03T00:35:46-07:00,2,5
resume/index.html,34,html,c195c810,Vishudh Shah,2025-04-03,00:35:46,-07:00,2025-04-03T00:35:46-07:00,0,0
resume/index.html,35,html,cd0d4448,Vishudh Shah,2025-04-10,22:21:30,-07:00,2025-04-10T22:21:30-07:00,2,33
resume/index.html,36,html,c195c810,Vishudh Shah,2025-04-03,00:35:46,-07:00,2025-04-03T00:35:46-07:00,3,14
resume/index.html,37,html,c195c810,Vishudh Shah,2025-04-03,00:35:46,-07:00,2025-04-03T00:35:46-07:00,3,5
resume/index.html,38,html,c195c810,Vishudh Shah,2025-04-03,00:35:46,-07:00,2025-04-03T00:35:46-07:00,4,39
resume/index.html,39,html,c195c810,Vishudh Shah,2025-04-03,00:35:46,-07:00,2025-04-03T00:35:46-07:00,4,46
resume/index.html,40,html,c195c810,Vishudh Shah,2025-04-03,00:35:46,-07:00,2025-04-03T00:35:46-07:00,4,13
resume/index.html,41,html,c195c810,Vishudh Shah,2025-04-03,00:35:46,-07:00,2025-04-03T00:35:46-07:00,4,102
resume/index.html,42,html,c195c810,Vishudh Shah,2025-04-03,00:35:46,-07:00,2025-04-03T00:35:46-07:00,4,23
resume/index.html,43,html,c195c810,Vishudh Shah,2025-04-03,00:35:46,-07:00,2025-04-03T00:35:46-07:00,4,0
resume/index.html,44,html,c195c810,Vishudh Shah,2025-04-03,00:35:46,-07:00,2025-04-03T00:35:46-07:00,5,33
resume/index.html,45,html,c195c810,Vishudh Shah,2025-04-03,00:35:46,-07:00,2025-04-03T00:35:46-07:00,4,1
resume/index.html,46,html,c195c810,Vishudh Shah,2025-04-03,00:35:46,-07:00,2025-04-03T00:35:46-07:00,3,6
resume/index.html,47,html,c195c810,Vishudh Shah,2025-04-03,00:35:46,-07:00,2025-04-03T00:35:46-07:00,2,6
resume/index.html,48,html,c195c810,Vishudh Shah,2025-04-03,00:35:46,-07:00,2025-04-03T00:35:46-07:00,0,0
resume/index.html,49,html,cd0d4448,Vishudh Shah,2025-04-10,22:21:30,-07:00,2025-04-10T22:21:30-07:00,2,34
resume/index.html,50,html,c195c810,Vishudh Shah,2025-04-03,00:35:46,-07:00,2025-04-03T00:35:46-07:00,3,15
resume/index.html,51,html,c195c810,Vishudh Shah,2025-04-03,00:35:46,-07:00,2025-04-03T00:35:46-07:00,0,0
resume/index.html,52,html,c195c810,Vishudh Shah,2025-04-03,00:35:46,-07:00,2025-04-03T00:35:46-07:00,3,17
resume/index.html,53,html,c195c810,Vishudh Shah,2025-04-03,00:35:46,-07:00,2025-04-03T00:35:46-07:00,4,4
resume/index.html,54,html,c195c810,Vishudh Shah,2025-04-03,00:35:46,-07:00,2025-04-03T00:35:46-07:00,5,14
resume/index.html,55,html,c195c810,Vishudh Shah,2025-04-03,00:35:46,-07:00,2025-04-03T00:35:46-07:00,5,67
resume/index.html,56,html,c195c810,Vishudh Shah,2025-04-03,00:35:46,-07:00,2025-04-03T00:35:46-07:00,5,93
resume/index.html,57,html,c195c810,Vishudh Shah,2025-04-03,00:35:46,-07:00,2025-04-03T00:35:46-07:00,4,5
resume/index.html,58,html,c195c810,Vishudh Shah,2025-04-03,00:35:46,-07:00,2025-04-03T00:35:46-07:00,4,0
resume/index.html,59,html,dca0a78c,Vishudh Shah,2025-04-10,20:14:16,-07:00,2025-04-10T20:14:16-07:00,5,91
resume/index.html,60,html,dca0a78c,Vishudh Shah,2025-04-10,20:14:16,-07:00,2025-04-10T20:14:16-07:00,6,16
resume/index.html,61,html,dca0a78c,Vishudh Shah,2025-04-10,20:14:16,-07:00,2025-04-10T20:14:16-07:00,5,90
resume/index.html,62,html,dca0a78c,Vishudh Shah,2025-04-10,20:14:16,-07:00,2025-04-10T20:14:16-07:00,6,8
resume/index.html,63,html,c195c810,Vishudh Shah,2025-04-03,00:35:46,-07:00,2025-04-03T00:35:46-07:00,5,49
resume/index.html,64,html,c195c810,Vishudh Shah,2025-04-03,00:35:46,-07:00,2025-04-03T00:35:46-07:00,4,1
resume/index.html,65,html,c195c810,Vishudh Shah,2025-04-03,00:35:46,-07:00,2025-04-03T00:35:46-07:00,3,6
resume/index.html,66,html,c195c810,Vishudh Shah,2025-04-03,00:35:46,-07:00,2025-04-03T00:35:46-07:00,0,0
resume/index.html,67,html,c195c810,Vishudh Shah,2025-04-03,00:35:46,-07:00,2025-04-03T00:35:46-07:00,3,17
resume/index.html,68,html,c195c810,Vishudh Shah,2025-04-03,00:35:46,-07:00,2025-04-03T00:35:46-07:00,4,4
resume/index.html,69,html,c195c810,Vishudh Shah,2025-04-03,00:35:46,-07:00,2025-04-03T00:35:46-07:00,5,20
resume/index.html,70,html,c195c810,Vishudh Shah,2025-04-03,00:35:46,-07:00,2025-04-03T00:35:46-07:00,5,36
resume/index.html,71,html,c195c810,Vishudh Shah,2025-04-03,00:35:46,-07:00,2025-04-03T00:35:46-07:00,5,44
resume/index.html,72,html,c195c810,Vishudh Shah,2025-04-03,00:35:46,-07:00,2025-04-03T00:35:46-07:00,4,5
resume/index.html,73,html,c195c810,Vishudh Shah,2025-04-03,00:35:46,-07:00,2025-04-03T00:35:46-07:00,4,0
resume/index.html,74,html,c195c810,Vishudh Shah,2025-04-03,00:35:46,-07:00,2025-04-03T00:35:46-07:00,5,82
resume/index.html,75,html,dca0a78c,Vishudh Shah,2025-04-10,20:14:16,-07:00,2025-04-10T20:14:16-07:00,5,91
resume/index.html,76,html,dca0a78c,Vishudh Shah,2025-04-10,20:14:16,-07:00,2025-04-10T20:14:16-07:00,6,12
resume/index.html,77,html,dca0a78c,Vishudh Shah,2025-04-10,20:14:16,-07:00,2025-04-10T20:14:16-07:00,5,92
resume/index.html,78,html,dca0a78c,Vishudh Shah,2025-04-10,20:14:16,-07:00,2025-04-10T20:14:16-07:00,5,1
resume/index.html,79,html,c195c810,Vishudh Shah,2025-04-03,00:35:46,-07:00,2025-04-03T00:35:46-07:00,5,76
resume/index.html,80,html,c195c810,Vishudh Shah,2025-04-03,00:35:46,-07:00,2025-04-03T00:35:46-07:00,4,1
resume/index.html,81,html,c195c810,Vishudh Shah,2025-04-03,00:35:46,-07:00,2025-04-03T00:35:46-07:00,3,6
resume/index.html,82,html,c195c810,Vishudh Shah,2025-04-03,00:35:46,-07:00,2025-04-03T00:35:46-07:00,0,0
resume/index.html,83,html,c195c810,Vishudh Shah,2025-04-03,00:35:46,-07:00,2025-04-03T00:35:46-07:00,3,17
resume/index.html,84,html,c195c810,Vishudh Shah,2025-04-03,00:35:46,-07:00,2025-04-03T00:35:46-07:00,4,4
resume/index.html,85,html,c195c810,Vishudh Shah,2025-04-03,00:35:46,-07:00,2025-04-03T00:35:46-07:00,5,36
resume/index.html,86,html,c195c810,Vishudh Shah,2025-04-03,00:35:46,-07:00,2025-04-03T00:35:46-07:00,5,39
resume/index.html,87,html,c195c810,Vishudh Shah,2025-04-03,00:35:46,-07:00,2025-04-03T00:35:46-07:00,5,44
resume/index.html,88,html,c195c810,Vishudh Shah,2025-04-03,00:35:46,-07:00,2025-04-03T00:35:46-07:00,4,5
resume/index.html,89,html,c195c810,Vishudh Shah,2025-04-03,00:35:46,-07:00,2025-04-03T00:35:46-07:00,4,0
resume/index.html,90,html,dca0a78c,Vishudh Shah,2025-04-10,20:14:16,-07:00,2025-04-10T20:14:16-07:00,5,90
resume/index.html,91,html,dca0a78c,Vishudh Shah,2025-04-10,20:14:16,-07:00,2025-04-10T20:14:16-07:00,6,61
resume/index.html,92,html,c195c810,Vishudh Shah,2025-04-03,00:35:46,-07:00,2025-04-03T00:35:46-07:00,5,76
resume/index.html,93,html,c195c810,Vishudh Shah,2025-04-03,00:35:46,-07:00,2025-04-03T00:35:46-07:00,5,62
resume/index.html,94,html,c195c810,Vishudh Shah,2025-04-03,00:35:46,-07:00,2025-04-03T00:35:46-07:00,4,1
resume/index.html,95,html,c195c810,Vishudh Shah,2025-04-03,00:35:46,-07:00,2025-04-03T00:35:46-07:00,3,6
resume/index.html,96,html,c195c810,Vishudh Shah,2025-04-03,00:35:46,-07:00,2025-04-03T00:35:46-07:00,2,6
resume/index.html,97,html,c195c810,Vishudh Shah,2025-04-03,00:35:46,-07:00,2025-04-03T00:35:46-07:00,0,0
resume/index.html,98,html,cd0d4448,Vishudh Shah,2025-04-10,22:21:30,-07:00,2025-04-10T22:21:30-07:00,2,32
resume/index.html,99,html,c195c810,Vishudh Shah,2025-04-03,00:35:46,-07:00,2025-04-03T00:35:46-07:00,3,13
resume/index.html,100,html,c195c810,Vishudh Shah,2025-04-03,00:35:46,-07:00,2025-04-03T00:35:46-07:00,0,0
resume/index.html,101,html,c195c810,Vishudh Shah,2025-04-03,00:35:46,-07:00,2025-04-03T00:35:46-07:00,3,21
resume/index.html,102,html,c195c810,Vishudh Shah,2025-04-03,00:35:46,-07:00,2025-04-03T00:35:46-07:00,4,4
resume/index.html,103,html,c195c810,Vishudh Shah,2025-04-03,00:35:46,-07:00,2025-04-03T00:35:46-07:00,5,19
resume/index.html,104,html,c195c810,Vishudh Shah,2025-04-03,00:35:46,-07:00,2025-04-03T00:35:46-07:00,5,46
resume/index.html,105,html,c195c810,Vishudh Shah,2025-04-03,00:35:46,-07:00,2025-04-03T00:35:46-07:00,4,5
resume/index.html,106,html,c195c810,Vishudh Shah,2025-04-03,00:35:46,-07:00,2025-04-03T00:35:46-07:00,4,0
resume/index.html,107,html,c195c810,Vishudh Shah,2025-04-03,00:35:46,-07:00,2025-04-03T00:35:46-07:00,5,82
resume/index.html,108,html,dca0a78c,Vishudh Shah,2025-04-10,20:14:16,-07:00,2025-04-10T20:14:16-07:00,5,87
resume/index.html,109,html,dca0a78c,Vishudh Shah,2025-04-10,20:14:16,-07:00,2025-04-10T20:14:16-07:00,6,57
resume/index.html,110,html,dca0a78c,Vishudh Shah,2025-04-10,20:14:16,-07:00,2025-04-10T20:14:16-07:00,5,93
resume/index.html,111,html,dca0a78c,Vishudh Shah,2025-04-10,20:14:16,-07:00,2025-04-10T20:14:16-07:00,6,10
resume/index.html,112,html,c195c810,Vishudh Shah,2025-04-03,00:35:46,-07:00,2025-04-03T00:35:46-07:00,4,1
resume/index.html,113,html,c8bd9de2,Vishudh Shah,2025-04-03,01:06:21,-07:00,2025-04-03T01:06:21-07:00,4,60
resume/index.html,114,html,c195c810,Vishudh Shah,2025-04-03,00:35:46,-07:00,2025-04-03T00:35:46-07:00,3,6
resume/index.html,115,html,c195c810,Vishudh Shah,2025-04-03,00:35:46,-07:00,2025-04-03T00:35:46-07:00,0,0
resume/index.html,116,html,c195c810,Vishudh Shah,2025-04-03,00:35:46,-07:00,2025-04-03T00:35:46-07:00,3,21
resume/index.html,117,html,c195c810,Vishudh Shah,2025-04-03,00:35:46,-07:00,2025-04-03T00:35:46-07:00,4,4
resume/index.html,118,html,c195c810,Vishudh Shah,2025-04-03,00:35:46,-07:00,2025-04-03T00:35:46-07:00,5,27
resume/index.html,119,html,c195c810,Vishudh Shah,2025-04-03,00:35:46,-07:00,2025-04-03T00:35:46-07:00,5,44
resume/index.html,120,html,c195c810,Vishudh Shah,2025-04-03,00:35:46,-07:00,2025-04-03T00:35:46-07:00,4,5
resume/index.html,121,html,c195c810,Vishudh Shah,2025-04-03,00:35:46,-07:00,2025-04-03T00:35:46-07:00,4,0
resume/index.html,122,html,dca0a78c,Vishudh Shah,2025-04-10,20:14:16,-07:00,2025-04-10T20:14:16-07:00,5,93
resume/index.html,123,html,dca0a78c,Vishudh Shah,2025-04-10,20:14:16,-07:00,2025-04-10T20:14:16-07:00,6,18
resume/index.html,124,html,c195c810,Vishudh Shah,2025-04-03,00:35:46,-07:00,2025-04-03T00:35:46-07:00,5,87
resume/index.html,125,html,dca0a78c,Vishudh Shah,2025-04-10,20:14:16,-07:00,2025-04-10T20:14:16-07:00,5,84
resume/index.html,126,html,dca0a78c,Vishudh Shah,2025-04-10,20:14:16,-07:00,2025-04-10T20:14:16-07:00,6,13
resume/index.html,127,html,c195c810,Vishudh Shah,2025-04-03,00:35:46,-07:00,2025-04-03T00:35:46-07:00,4,1
resume/index.html,128,html,c195c810,Vishudh Shah,2025-04-03,00:35:46,-07:00,2025-04-03T00:35:46-07:00,3,6
resume/index.html,129,html,c195c810,Vishudh Shah,2025-04-03,00:35:46,-07:00,2025-04-03T00:35:46-07:00,2,6
resume/index.html,130,html,c195c810,Vishudh Shah,2025-04-03,00:35:46,-07:00,2025-04-03T00:35:46-07:00,0,0
resume/index.html,131,html,cd0d4448,Vishudh Shah,2025-04-10,22:21:30,-07:00,2025-04-10T22:21:30-07:00,2,30
resume/index.html,132,html,c195c810,Vishudh Shah,2025-04-03,00:35:46,-07:00,2025-04-03T00:35:46-07:00,3,11
resume/index.html,133,html,c195c810,Vishudh Shah,2025-04-03,00:35:46,-07:00,2025-04-03T00:35:46-07:00,0,0
resume/index.html,134,html,c195c810,Vishudh Shah,2025-04-03,00:35:46,-07:00,2025-04-03T00:35:46-07:00,3,5
resume/index.html,135,html,c195c810,Vishudh Shah,2025-04-03,00:35:46,-07:00,2025-04-03T00:35:46-07:00,4,26
resume/index.html,136,html,c195c810,Vishudh Shah,2025-04-03,00:35:46,-07:00,2025-04-03T00:35:46-07:00,4,0
resume/index.html,137,html,c195c810,Vishudh Shah,2025-04-03,00:35:46,-07:00,2025-04-03T00:35:46-07:00,5,11
resume/index.html,138,html,c195c810,Vishudh Shah,2025-04-03,00:35:46,-07:00,2025-04-03T00:35:46-07:00,5,9
resume/index.html,139,html,c195c810,Vishudh Shah,2025-04-03,00:35:46,-07:00,2025-04-03T00:35:46-07:00,5,6
resume/index.html,140,html,c195c810,Vishudh Shah,2025-04-03,00:35:46,-07:00,2025-04-03T00:35:46-07:00,5,8
resume/index.html,141,html,c195c810,Vishudh Shah,2025-04-03,00:35:46,-07:00,2025-04-03T00:35:46-07:00,5,15
resume/index.html,142,html,c195c810,Vishudh Shah,2025-04-03,00:35:46,-07:00,2025-04-03T00:35:46-07:00,5,13
resume/index.html,143,html,c195c810,Vishudh Shah,2025-04-03,00:35:46,-07:00,2025-04-03T00:35:46-07:00,5,10
resume/index.html,144,html,c195c810,Vishudh Shah,2025-04-03,00:35:46,-07:00,2025-04-03T00:35:46-07:00,5,13
resume/index.html,145,html,c195c810,Vishudh Shah,2025-04-03,00:35:46,-07:00,2025-04-03T00:35:46-07:00,4,1
resume/index.html,146,html,c195c810,Vishudh Shah,2025-04-03,00:35:46,-07:00,2025-04-03T00:35:46-07:00,3,6
resume/index.html,147,html,dca0a78c,Vishudh Shah,2025-04-10,20:14:16,-07:00,2025-04-10T20:14:16-07:00,0,0
resume/index.html,148,html,c195c810,Vishudh Shah,2025-04-03,00:35:46,-07:00,2025-04-03T00:35:46-07:00,3,5
resume/index.html,149,html,c195c810,Vishudh Shah,2025-04-03,00:35:46,-07:00,2025-04-03T00:35:46-07:00,4,25
resume/index.html,150,html,c195c810,Vishudh Shah,2025-04-03,00:35:46,-07:00,2025-04-03T00:35:46-07:00,4,0
resume/index.html,151,html,c195c810,Vishudh Shah,2025-04-03,00:35:46,-07:00,2025-04-03T00:35:46-07:00,5,33
resume/index.html,152,html,c195c810,Vishudh Shah,2025-04-03,00:35:46,-07:00,2025-04-03T00:35:46-07:00,5,50
resume/index.html,153,html,c195c810,Vishudh Shah,2025-04-03,00:35:46,-07:00,2025-04-03T00:35:46-07:00,5,33
resume/index.html,154,html,c195c810,Vishudh Shah,2025-04-03,00:35:46,-07:00,2025-04-03T00:35:46-07:00,5,35
resume/index.html,155,html,c195c810,Vishudh Shah,2025-04-03,00:35:46,-07:00,2025-04-03T00:35:46-07:00,5,33
resume/index.html,156,html,c195c810,Vishudh Shah,2025-04-03,00:35:46,-07:00,2025-04-03T00:35:46-07:00,5,43
resume/index.html,157,html,c195c810,Vishudh Shah,2025-04-03,00:35:46,-07:00,2025-04-03T00:35:46-07:00,4,1
resume/index.html,158,html,c195c810,Vishudh Shah,2025-04-03,00:35:46,-07:00,2025-04-03T00:35:46-07:00,3,6
resume/index.html,159,html,c195c810,Vishudh Shah,2025-04-03,00:35:46,-07:00,2025-04-03T00:35:46-07:00,2,6
resume/index.html,160,html,c195c810,Vishudh Shah,2025-04-03,00:35:46,-07:00,2025-04-03T00:35:46-07:00,0,0
resume/index.html,161,html,cd0d4448,Vishudh Shah,2025-04-10,22:21:30,-07:00,2025-04-10T22:21:30-07:00,2,34
resume/index.html,162,html,c195c810,Vishudh Shah,2025-04-03,00:35:46,-07:00,2025-04-03T00:35:46-07:00,3,31
resume/index.html,163,html,c195c810,Vishudh Shah,2025-04-03,00:35:46,-07:00,2025-04-03T00:35:46-07:00,3,0
resume/index.html,164,html,c195c810,Vishudh Shah,2025-04-03,00:35:46,-07:00,2025-04-03T00:35:46-07:00,4,0
resume/index.html,165,html,c195c810,Vishudh Shah,2025-04-03,00:35:46,-07:00,2025-04-03T00:35:46-07:00,5,31
resume/index.html,166,html,c195c810,Vishudh Shah,2025-04-03,00:35:46,-07:00,2025-04-03T00:35:46-07:00,5,59
resume/index.html,167,html,c195c810,Vishudh Shah,2025-04-03,00:35:46,-07:00,2025-04-03T00:35:46-07:00,4,1
resume/index.html,168,html,c195c810,Vishudh Shah,2025-04-03,00:35:46,-07:00,2025-04-03T00:35:46-07:00,4,0
resume/index.html,169,html,dca0a78c,Vishudh Shah,2025-04-10,20:14:16,-07:00,2025-04-10T20:14:16-07:00,5,55
resume/index.html,170,html,c195c810,Vishudh Shah,2025-04-03,00:35:46,-07:00,2025-04-03T00:35:46-07:00,5,59
resume/index.html,171,html,c195c810,Vishudh Shah,2025-04-03,00:35:46,-07:00,2025-04-03T00:35:46-07:00,4,1
resume/index.html,172,html,c195c810,Vishudh Shah,2025-04-03,00:35:46,-07:00,2025-04-03T00:35:46-07:00,4,0
resume/index.html,173,html,c195c810,Vishudh Shah,2025-04-03,00:35:46,-07:00,2025-04-03T00:35:46-07:00,5,23
resume/index.html,174,html,c195c810,Vishudh Shah,2025-04-03,00:35:46,-07:00,2025-04-03T00:35:46-07:00,5,59
resume/index.html,175,html,c195c810,Vishudh Shah,2025-04-03,00:35:46,-07:00,2025-04-03T00:35:46-07:00,4,1
resume/index.html,176,html,c195c810,Vishudh Shah,2025-04-03,00:35:46,-07:00,2025-04-03T00:35:46-07:00,4,0
resume/index.html,177,html,c195c810,Vishudh Shah,2025-04-03,00:35:46,-07:00,2025-04-03T00:35:46-07:00,5,19
resume/index.html,178,html,c195c810,Vishudh Shah,2025-04-03,00:35:46,-07:00,2025-04-03T00:35:46-07:00,5,59
resume/index.html,179,html,c195c810,Vishudh Shah,2025-04-03,00:35:46,-07:00,2025-04-03T00:35:46-07:00,4,1
resume/index.html,180,html,c195c810,Vishudh Shah,2025-04-03,00:35:46,-07:00,2025-04-03T00:35:46-07:00,3,1
resume/index.html,181,html,c195c810,Vishudh Shah,2025-04-03,00:35:46,-07:00,2025-04-03T00:35:46-07:00,2,6
resume/index.html,182,html,c195c810,Vishudh Shah,2025-04-03,00:35:46,-07:00,2025-04-03T00:35:46-07:00,1,6
resume/index.html,183,html,11444e46,Vishudh Shah,2025-04-17,22:16:32,-07:00,2025-04-17T22:16:32-07:00,0,0
resume/index.html,184,html,4956f8f1,Vishudh Shah,2025-04-25,19:10:52,-07:00,2025-04-25T19:10:52-07:00,1,46
resume/index.html,185,html,c195c810,Vishudh Shah,2025-04-03,00:35:46,-07:00,2025-04-03T00:35:46-07:00,0,3
resume/index.html,186,html,dca0a78c,Vishudh Shah,2025-04-10,20:14:16,-07:00,2025-04-10T20:14:16-07:00,0,0
resume/index.html,187,html,c195c810,Vishudh Shah,2025-04-03,00:35:46,-07:00,2025-04-03T00:35:46-07:00,0,3
projects/projects.js,1,js,4956f8f1,Vishudh Shah,2025-04-25,19:10:52,-07:00,2025-04-25T19:10:52-07:00,0,53
projects/projects.js,2,js,478fb7ac,Vishudh Shah,2025-05-02,17:54:52,-07:00,2025-05-02T17:54:52-07:00,0,61
projects/projects.js,3,js,4956f8f1,Vishudh Shah,2025-04-25,19:10:52,-07:00,2025-04-25T19:10:52-07:00,0,0
projects/projects.js,4,js,4956f8f1,Vishudh Shah,2025-04-25,19:10:52,-07:00,2025-04-25T19:10:52-07:00,0,53
projects/projects.js,5,js,4956f8f1,Vishudh Shah,2025-04-25,19:10:52,-07:00,2025-04-25T19:10:52-07:00,0,58
projects/projects.js,6,js,4956f8f1,Vishudh Shah,2025-04-25,19:10:52,-07:00,2025-04-25T19:10:52-07:00,0,46
projects/projects.js,7,js,4956f8f1,Vishudh Shah,2025-04-25,19:10:52,-07:00,2025-04-25T19:10:52-07:00,0,0
projects/projects.js,8,js,4956f8f1,Vishudh Shah,2025-04-25,19:10:52,-07:00,2025-04-25T19:10:52-07:00,0,60
projects/projects.js,9,js,4956f8f1,Vishudh Shah,2025-04-25,19:10:52,-07:00,2025-04-25T19:10:52-07:00,0,16
projects/projects.js,10,js,4956f8f1,Vishudh Shah,2025-04-25,19:10:52,-07:00,2025-04-25T19:10:52-07:00,1,54
projects/projects.js,11,js,478fb7ac,Vishudh Shah,2025-05-02,17:54:52,-07:00,2025-05-02T17:54:52-07:00,0,0
projects/projects.js,12,js,478fb7ac,Vishudh Shah,2025-05-02,17:54:52,-07:00,2025-05-02T17:54:52-07:00,0,0
projects/projects.js,13,js,478fb7ac,Vishudh Shah,2025-05-02,17:54:52,-07:00,2025-05-02T17:54:52-07:00,0,8
projects/projects.js,14,js,478fb7ac,Vishudh Shah,2025-05-02,17:54:52,-07:00,2025-05-02T17:54:52-07:00,0,0
projects/projects.js,15,js,478fb7ac,Vishudh Shah,2025-05-02,17:54:52,-07:00,2025-05-02T17:54:52-07:00,0,19
projects/projects.js,16,js,9059f28b,Vishudh Shah,2025-05-02,18:25:37,-07:00,2025-05-02T18:25:37-07:00,0,42
projects/projects.js,17,js,478fb7ac,Vishudh Shah,2025-05-02,17:54:52,-07:00,2025-05-02T17:54:52-07:00,0,0
projects/projects.js,18,js,478fb7ac,Vishudh Shah,2025-05-02,17:54:52,-07:00,2025-05-02T17:54:52-07:00,0,36
projects/projects.js,19,js,478fb7ac,Vishudh Shah,2025-05-02,17:54:52,-07:00,2025-05-02T17:54:52-07:00,1,23
projects/projects.js,20,js,478fb7ac,Vishudh Shah,2025-05-02,17:54:52,-07:00,2025-05-02T17:54:52-07:00,1,24
projects/projects.js,21,js,478fb7ac,Vishudh Shah,2025-05-02,17:54:52,-07:00,2025-05-02T17:54:52-07:00,2,10
projects/projects.js,22,js,478fb7ac,Vishudh Shah,2025-05-02,17:54:52,-07:00,2025-05-02T17:54:52-07:00,2,12
projects/projects.js,23,js,478fb7ac,Vishudh Shah,2025-05-02,17:54:52,-07:00,2025-05-02T17:54:52-07:00,2,9
projects/projects.js,24,js,478fb7ac,Vishudh Shah,2025-05-02,17:54:52,-07:00,2025-05-02T17:54:52-07:00,1,0
projects/projects.js,25,js,478fb7ac,Vishudh Shah,2025-05-02,17:54:52,-07:00,2025-05-02T17:54:52-07:00,1,16
projects/projects.js,26,js,478fb7ac,Vishudh Shah,2025-05-02,17:54:52,-07:00,2025-05-02T17:54:52-07:00,1,43
projects/projects.js,27,js,478fb7ac,Vishudh Shah,2025-05-02,17:54:52,-07:00,2025-05-02T17:54:52-07:00,2,9
projects/projects.js,28,js,478fb7ac,Vishudh Shah,2025-05-02,17:54:52,-07:00,2025-05-02T17:54:52-07:00,2,7
projects/projects.js,29,js,478fb7ac,Vishudh Shah,2025-05-02,17:54:52,-07:00,2025-05-02T17:54:52-07:00,1,0
projects/projects.js,30,js,478fb7ac,Vishudh Shah,2025-05-02,17:54:52,-07:00,2025-05-02T17:54:52-07:00,0,0
projects/projects.js,31,js,478fb7ac,Vishudh Shah,2025-05-02,17:54:52,-07:00,2025-05-02T17:54:52-07:00,1,48
projects/projects.js,32,js,1db7e2e3,Vishudh Shah,2025-05-05,13:00:42,-07:00,2025-05-05T13:00:42-07:00,1,105
projects/projects.js,33,js,478fb7ac,Vishudh Shah,2025-05-02,17:54:52,-07:00,2025-05-02T17:54:52-07:00,1,48
projects/projects.js,34,js,478fb7ac,Vishudh Shah,2025-05-02,17:54:52,-07:00,2025-05-02T17:54:52-07:00,1,31
projects/projects.js,35,js,478fb7ac,Vishudh Shah,2025-05-02,17:54:52,-07:00,2025-05-02T17:54:52-07:00,1,43
projects/projects.js,36,js,478fb7ac,Vishudh Shah,2025-05-02,17:54:52,-07:00,2025-05-02T17:54:52-07:00,0,0
projects/projects.js,37,js,478fb7ac,Vishudh Shah,2025-05-02,17:54:52,-07:00,2025-05-02T17:54:52-07:00,1,25
projects/projects.js,38,js,478fb7ac,Vishudh Shah,2025-05-02,17:54:52,-07:00,2025-05-02T17:54:52-07:00,1,42
projects/projects.js,39,js,478fb7ac,Vishudh Shah,2025-05-02,17:54:52,-07:00,2025-05-02T17:54:52-07:00,0,0
projects/projects.js,40,js,478fb7ac,Vishudh Shah,2025-05-02,17:54:52,-07:00,2025-05-02T17:54:52-07:00,1,25
projects/projects.js,41,js,478fb7ac,Vishudh Shah,2025-05-02,17:54:52,-07:00,2025-05-02T17:54:52-07:00,1,23
projects/projects.js,42,js,478fb7ac,Vishudh Shah,2025-05-02,17:54:52,-07:00,2025-05-02T17:54:52-07:00,1,30
projects/projects.js,43,js,478fb7ac,Vishudh Shah,2025-05-02,17:54:52,-07:00,2025-05-02T17:54:52-07:00,1,27
projects/projects.js,44,js,478fb7ac,Vishudh Shah,2025-05-02,17:54:52,-07:00,2025-05-02T17:54:52-07:00,1,28
projects/projects.js,45,js,478fb7ac,Vishudh Shah,2025-05-02,17:54:52,-07:00,2025-05-02T17:54:52-07:00,0,0
projects/projects.js,46,js,478fb7ac,Vishudh Shah,2025-05-02,17:54:52,-07:00,2025-05-02T17:54:52-07:00,1,22
projects/projects.js,47,js,478fb7ac,Vishudh Shah,2025-05-02,17:54:52,-07:00,2025-05-02T17:54:52-07:00,2,0
projects/projects.js,48,js,478fb7ac,Vishudh Shah,2025-05-02,17:54:52,-07:00,2025-05-02T17:54:52-07:00,3,11
projects/projects.js,49,js,478fb7ac,Vishudh Shah,2025-05-02,17:54:52,-07:00,2025-05-02T17:54:52-07:00,3,11
projects/projects.js,50,js,478fb7ac,Vishudh Shah,2025-05-02,17:54:52,-07:00,2025-05-02T17:54:52-07:00,3,20
projects/projects.js,51,js,478fb7ac,Vishudh Shah,2025-05-02,17:54:52,-07:00,2025-05-02T17:54:52-07:00,3,16
projects/projects.js,52,js,478fb7ac,Vishudh Shah,2025-05-02,17:54:52,-07:00,2025-05-02T17:54:52-07:00,4,41
projects/projects.js,53,js,478fb7ac,Vishudh Shah,2025-05-02,17:54:52,-07:00,2025-05-02T17:54:52-07:00,0,0
projects/projects.js,54,js,478fb7ac,Vishudh Shah,2025-05-02,17:54:52,-07:00,2025-05-02T17:54:52-07:00,4,0
projects/projects.js,55,js,478fb7ac,Vishudh Shah,2025-05-02,17:54:52,-07:00,2025-05-02T17:54:52-07:00,5,14
projects/projects.js,56,js,478fb7ac,Vishudh Shah,2025-05-02,17:54:52,-07:00,2025-05-02T17:54:52-07:00,5,24
projects/projects.js,57,js,478fb7ac,Vishudh Shah,2025-05-02,17:54:52,-07:00,2025-05-02T17:54:52-07:00,6,60
projects/projects.js,58,js,478fb7ac,Vishudh Shah,2025-05-02,17:54:52,-07:00,2025-05-02T17:54:52-07:00,6,35
projects/projects.js,59,js,478fb7ac,Vishudh Shah,2025-05-02,17:54:52,-07:00,2025-05-02T17:54:52-07:00,5,0
projects/projects.js,60,js,478fb7ac,Vishudh Shah,2025-05-02,17:54:52,-07:00,2025-05-02T17:54:52-07:00,0,0
projects/projects.js,61,js,478fb7ac,Vishudh Shah,2025-05-02,17:54:52,-07:00,2025-05-02T17:54:52-07:00,4,2
projects/projects.js,62,js,478fb7ac,Vishudh Shah,2025-05-02,17:54:52,-07:00,2025-05-02T17:54:52-07:00,5,12
projects/projects.js,63,js,478fb7ac,Vishudh Shah,2025-05-02,17:54:52,-07:00,2025-05-02T17:54:52-07:00,5,24
projects/projects.js,64,js,478fb7ac,Vishudh Shah,2025-05-02,17:54:52,-07:00,2025-05-02T17:54:52-07:00,6,57
projects/projects.js,65,js,478fb7ac,Vishudh Shah,2025-05-02,17:54:52,-07:00,2025-05-02T17:54:52-07:00,6,35
projects/projects.js,66,js,478fb7ac,Vishudh Shah,2025-05-02,17:54:52,-07:00,2025-05-02T17:54:52-07:00,5,0
projects/projects.js,67,js,9fd0a486,Vishudh Shah,2025-05-02,18:15:47,-07:00,2025-05-02T18:15:47-07:00,0,0
projects/projects.js,68,js,9fd0a486,Vishudh Shah,2025-05-02,18:15:47,-07:00,2025-05-02T18:15:47-07:00,4,31
projects/projects.js,69,js,9fd0a486,Vishudh Shah,2025-05-02,18:15:47,-07:00,2025-05-02T18:15:47-07:00,4,23
projects/projects.js,70,js,9fd0a486,Vishudh Shah,2025-05-02,18:15:47,-07:00,2025-05-02T18:15:47-07:00,5,30
projects/projects.js,71,js,9059f28b,Vishudh Shah,2025-05-02,18:25:37,-07:00,2025-05-02T18:25:37-07:00,5,68
projects/projects.js,72,js,9fd0a486,Vishudh Shah,2025-05-02,18:15:47,-07:00,2025-05-02T18:15:47-07:00,4,4
projects/projects.js,73,js,9fd0a486,Vishudh Shah,2025-05-02,18:15:47,-07:00,2025-05-02T18:15:47-07:00,5,43
projects/projects.js,74,js,9059f28b,Vishudh Shah,2025-05-02,18:25:37,-07:00,2025-05-02T18:25:37-07:00,5,103
projects/projects.js,75,js,9fd0a486,Vishudh Shah,2025-05-02,18:15:47,-07:00,2025-05-02T18:15:47-07:00,5,54
projects/projects.js,76,js,9fd0a486,Vishudh Shah,2025-05-02,18:15:47,-07:00,2025-05-02T18:15:47-07:00,4,0
projects/projects.js,77,js,478fb7ac,Vishudh Shah,2025-05-02,17:54:52,-07:00,2025-05-02T17:54:52-07:00,3,0
projects/projects.js,78,js,478fb7ac,Vishudh Shah,2025-05-02,17:54:52,-07:00,2025-05-02T17:54:52-07:00,1,0
projects/projects.js,79,js,478fb7ac,Vishudh Shah,2025-05-02,17:54:52,-07:00,2025-05-02T17:54:52-07:00,0,0
projects/projects.js,80,js,478fb7ac,Vishudh Shah,2025-05-02,17:54:52,-07:00,2025-05-02T17:54:52-07:00,1,20
projects/projects.js,81,js,478fb7ac,Vishudh Shah,2025-05-02,17:54:52,-07:00,2025-05-02T17:54:52-07:00,2,2
projects/projects.js,82,js,478fb7ac,Vishudh Shah,2025-05-02,17:54:52,-07:00,2025-05-02T17:54:52-07:00,3,9
projects/projects.js,83,js,478fb7ac,Vishudh Shah,2025-05-02,17:54:52,-07:00,2025-05-02T17:54:52-07:00,3,89
projects/projects.js,84,js,478fb7ac,Vishudh Shah,2025-05-02,17:54:52,-07:00,2025-05-02T17:54:52-07:00,3,97
projects/projects.js,85,js,478fb7ac,Vishudh Shah,2025-05-02,17:54:52,-07:00,2025-05-02T17:54:52-07:00,1,0
projects/projects.js,86,js,478fb7ac,Vishudh Shah,2025-05-02,17:54:52,-07:00,2025-05-02T17:54:52-07:00,0,0
projects/projects.js,87,js,478fb7ac,Vishudh Shah,2025-05-02,17:54:52,-07:00,2025-05-02T17:54:52-07:00,0,0
projects/projects.js,88,js,478fb7ac,Vishudh Shah,2025-05-02,17:54:52,-07:00,2025-05-02T17:54:52-07:00,0,11
projects/projects.js,89,js,478fb7ac,Vishudh Shah,2025-05-02,17:54:52,-07:00,2025-05-02T17:54:52-07:00,0,21
projects/projects.js,90,js,478fb7ac,Vishudh Shah,2025-05-02,17:54:52,-07:00,2025-05-02T17:54:52-07:00,0,0
projects/projects.js,91,js,478fb7ac,Vishudh Shah,2025-05-02,17:54:52,-07:00,2025-05-02T17:54:52-07:00,0,9
projects/projects.js,92,js,478fb7ac,Vishudh Shah,2025-05-02,17:54:52,-07:00,2025-05-02T17:54:52-07:00,0,0
projects/projects.js,93,js,478fb7ac,Vishudh Shah,2025-05-02,17:54:52,-07:00,2025-05-02T17:54:52-07:00,0,11
projects/projects.js,94,js,478fb7ac,Vishudh Shah,2025-05-02,17:54:52,-07:00,2025-05-02T17:54:52-07:00,0,51
projects/projects.js,95,js,478fb7ac,Vishudh Shah,2025-05-02,17:54:52,-07:00,2025-05-02T17:54:52-07:00,0,0
projects/projects.js,96,js,478fb7ac,Vishudh Shah,2025-05-02,17:54:52,-07:00,2025-05-02T17:54:52-07:00,0,46
projects/projects.js,97,js,478fb7ac,Vishudh Shah,2025-05-02,17:54:52,-07:00,2025-05-02T17:54:52-07:00,1,17
projects/projects.js,98,js,478fb7ac,Vishudh Shah,2025-05-02,17:54:52,-07:00,2025-05-02T17:54:52-07:00,1,23
projects/projects.js,99,js,9fd0a486,Vishudh Shah,2025-05-02,18:15:47,-07:00,2025-05-02T18:15:47-07:00,0,0
projects/projects.js,100,js,478fb7ac,Vishudh Shah,2025-05-02,17:54:52,-07:00,2025-05-02T17:54:52-07:00,1,14
projects/projects.js,101,js,9059f28b,Vishudh Shah,2025-05-02,18:25:37,-07:00,2025-05-02T18:25:37-07:00,1,59
projects/projects.js,102,js,478fb7ac,Vishudh Shah,2025-05-02,17:54:52,-07:00,2025-05-02T17:54:52-07:00,2,57
projects/projects.js,103,js,478fb7ac,Vishudh Shah,2025-05-02,17:54:52,-07:00,2025-05-02T17:54:52-07:00,2,40
projects/projects.js,104,js,478fb7ac,Vishudh Shah,2025-05-02,17:54:52,-07:00,2025-05-02T17:54:52-07:00,1,0
projects/projects.js,105,js,9fd0a486,Vishudh Shah,2025-05-02,18:15:47,-07:00,2025-05-02T18:15:47-07:00,1,0
projects/projects.js,106,js,478fb7ac,Vishudh Shah,2025-05-02,17:54:52,-07:00,2025-05-02T17:54:52-07:00,1,40
projects/projects.js,107,js,9059f28b,Vishudh Shah,2025-05-02,18:25:37,-07:00,2025-05-02T18:25:37-07:00,1,68
projects/projects.js,108,js,9059f28b,Vishudh Shah,2025-05-02,18:25:37,-07:00,2025-05-02T18:25:37-07:00,1,43
projects/projects.js,109,js,478fb7ac,Vishudh Shah,2025-05-02,17:54:52,-07:00,2025-05-02T17:54:52-07:00,0,0
projects/index.html,1,html,e3ff78d9,Vishudh Shah,2025-04-02,23:29:51,-07:00,2025-04-02T23:29:51-07:00,0,11
projects/index.html,2,html,e3ff78d9,Vishudh Shah,2025-04-02,23:29:51,-07:00,2025-04-02T23:29:51-07:00,0,12
projects/index.html,3,html,dca0a78c,Vishudh Shah,2025-04-10,20:14:16,-07:00,2025-04-10T20:14:16-07:00,0,0
projects/index.html,4,html,e3ff78d9,Vishudh Shah,2025-04-02,23:29:51,-07:00,2025-04-02T23:29:51-07:00,0,2
projects/index.html,5,html,e3ff78d9,Vishudh Shah,2025-04-02,23:29:51,-07:00,2025-04-02T23:29:51-07:00,1,18
projects/index.html,6,html,e3ff78d9,Vishudh Shah,2025-04-02,23:29:51,-07:00,2025-04-02T23:29:51-07:00,1,66
projects/index.html,7,html,e3ff78d9,Vishudh Shah,2025-04-02,23:29:51,-07:00,2025-04-02T23:29:51-07:00,1,19
projects/index.html,8,html,dca0a78c,Vishudh Shah,2025-04-10,20:14:16,-07:00,2025-04-10T20:14:16-07:00,1,39
projects/index.html,9,html,e3ff78d9,Vishudh Shah,2025-04-02,23:29:51,-07:00,2025-04-02T23:29:51-07:00,0,3
projects/index.html,10,html,dca0a78c,Vishudh Shah,2025-04-10,20:14:16,-07:00,2025-04-10T20:14:16-07:00,0,0
projects/index.html,11,html,e3ff78d9,Vishudh Shah,2025-04-02,23:29:51,-07:00,2025-04-02T23:29:51-07:00,0,2
projects/index.html,12,html,4956f8f1,Vishudh Shah,2025-04-25,19:10:52,-07:00,2025-04-25T19:10:52-07:00,1,36
projects/index.html,13,html,dca0a78c,Vishudh Shah,2025-04-10,20:14:16,-07:00,2025-04-10T20:14:16-07:00,0,0
projects/index.html,14,html,478fb7ac,Vishudh Shah,2025-05-02,17:54:52,-07:00,2025-05-02T17:54:52-07:00,1,19
projects/index.html,15,html,478fb7ac,Vishudh Shah,2025-05-02,17:54:52,-07:00,2025-05-02T17:54:52-07:00,2,56
projects/index.html,16,html,478fb7ac,Vishudh Shah,2025-05-02,17:54:52,-07:00,2025-05-02T17:54:52-07:00,2,20
projects/index.html,17,html,478fb7ac,Vishudh Shah,2025-05-02,17:54:52,-07:00,2025-05-02T17:54:52-07:00,1,2
projects/index.html,18,html,478fb7ac,Vishudh Shah,2025-05-02,17:54:52,-07:00,2025-05-02T17:54:52-07:00,1,2
projects/index.html,19,html,478fb7ac,Vishudh Shah,2025-05-02,17:54:52,-07:00,2025-05-02T17:54:52-07:00,2,13
projects/index.html,20,html,478fb7ac,Vishudh Shah,2025-05-02,17:54:52,-07:00,2025-05-02T17:54:52-07:00,2,9
projects/index.html,21,html,478fb7ac,Vishudh Shah,2025-05-02,17:54:52,-07:00,2025-05-02T17:54:52-07:00,2,24
projects/index.html,22,html,478fb7ac,Vishudh Shah,2025-05-02,17:54:52,-07:00,2025-05-02T17:54:52-07:00,2,29
projects/index.html,23,html,478fb7ac,Vishudh Shah,2025-05-02,17:54:52,-07:00,2025-05-02T17:54:52-07:00,1,0
projects/index.html,24,html,478fb7ac,Vishudh Shah,2025-05-02,17:54:52,-07:00,2025-05-02T17:54:52-07:00,0,0
projects/index.html,25,html,4956f8f1,Vishudh Shah,2025-04-25,19:10:52,-07:00,2025-04-25T19:10:52-07:00,1,24
projects/index.html,26,html,dca0a78c,Vishudh Shah,2025-04-10,20:14:16,-07:00,2025-04-10T20:14:16-07:00,0,0
projects/index.html,27,html,4956f8f1,Vishudh Shah,2025-04-25,19:10:52,-07:00,2025-04-25T19:10:52-07:00,1,46
projects/index.html,28,html,4956f8f1,Vishudh Shah,2025-04-25,19:10:52,-07:00,2025-04-25T19:10:52-07:00,1,45
projects/index.html,29,html,e3ff78d9,Vishudh Shah,2025-04-02,23:29:51,-07:00,2025-04-02T23:29:51-07:00,0,3
projects/index.html,30,html,dca0a78c,Vishudh Shah,2025-04-10,20:14:16,-07:00,2025-04-10T20:14:16-07:00,0,0
projects/index.html,31,html,e3ff78d9,Vishudh Shah,2025-04-02,23:29:51,-07:00,2025-04-02T23:29:51-07:00,0,3
contact/index.html,1,html,e3ff78d9,Vishudh Shah,2025-04-02,23:29:51,-07:00,2025-04-02T23:29:51-07:00,0,11
contact/index.html,2,html,e3ff78d9,Vishudh Shah,2025-04-02,23:29:51,-07:00,2025-04-02T23:29:51-07:00,0,12
contact/index.html,3,html,dca0a78c,Vishudh Shah,2025-04-10,20:14:16,-07:00,2025-04-10T20:14:16-07:00,0,0
contact/index.html,4,html,e3ff78d9,Vishudh Shah,2025-04-02,23:29:51,-07:00,2025-04-02T23:29:51-07:00,0,2
contact/index.html,5,html,e3ff78d9,Vishudh Shah,2025-04-02,23:29:51,-07:00,2025-04-02T23:29:51-07:00,1,18
contact/index.html,6,html,e3ff78d9,Vishudh Shah,2025-04-02,23:29:51,-07:00,2025-04-02T23:29:51-07:00,1,66
contact/index.html,7,html,e3ff78d9,Vishudh Shah,2025-04-02,23:29:51,-07:00,2025-04-02T23:29:51-07:00,1,18
contact/index.html,8,html,dca0a78c,Vishudh Shah,2025-04-10,20:14:16,-07:00,2025-04-10T20:14:16-07:00,1,39
contact/index.html,9,html,e3ff78d9,Vishudh Shah,2025-04-02,23:29:51,-07:00,2025-04-02T23:29:51-07:00,0,3
contact/index.html,10,html,dca0a78c,Vishudh Shah,2025-04-10,20:14:16,-07:00,2025-04-10T20:14:16-07:00,0,0
contact/index.html,11,html,e3ff78d9,Vishudh Shah,2025-04-02,23:29:51,-07:00,2025-04-02T23:29:51-07:00,0,2
contact/index.html,12,html,11444e46,Vishudh Shah,2025-04-17,22:16:32,-07:00,2025-04-17T22:16:32-07:00,1,6
contact/index.html,13,html,9c5a78f4,Vishudh Shah,2025-04-02,23:54:31,-07:00,2025-04-02T23:54:31-07:00,2,0
contact/index.html,14,html,539ac9dd,Vishudh Shah,2025-04-03,01:12:21,-07:00,2025-04-03T01:12:21-07:00,3,37
contact/index.html,15,html,539ac9dd,Vishudh Shah,2025-04-03,01:12:21,-07:00,2025-04-03T01:12:21-07:00,3,50
contact/index.html,16,html,539ac9dd,Vishudh Shah,2025-04-03,01:12:21,-07:00,2025-04-03T01:12:21-07:00,3,46
contact/index.html,17,html,11444e46,Vishudh Shah,2025-04-17,22:16:32,-07:00,2025-04-17T22:16:32-07:00,3,48
contact/index.html,18,html,9c5a78f4,Vishudh Shah,2025-04-02,23:54:31,-07:00,2025-04-02T23:54:31-07:00,3,72
contact/index.html,19,html,9c5a78f4,Vishudh Shah,2025-04-02,23:54:31,-07:00,2025-04-02T23:54:31-07:00,2,1
contact/index.html,20,html,11444e46,Vishudh Shah,2025-04-17,22:16:32,-07:00,2025-04-17T22:16:32-07:00,1,6
contact/index.html,21,html,9c5a78f4,Vishudh Shah,2025-04-02,23:54:31,-07:00,2025-04-02T23:54:31-07:00,0,0
contact/index.html,22,html,9c5a78f4,Vishudh Shah,2025-04-02,23:54:31,-07:00,2025-04-02T23:54:31-07:00,1,12
contact/index.html,23,html,dca0a78c,Vishudh Shah,2025-04-10,20:14:16,-07:00,2025-04-10T20:14:16-07:00,0,0
contact/index.html,24,html,11444e46,Vishudh Shah,2025-04-17,22:16:32,-07:00,2025-04-17T22:16:32-07:00,1,47
contact/index.html,25,html,11444e46,Vishudh Shah,2025-04-17,22:16:32,-07:00,2025-04-17T22:16:32-07:00,2,34
contact/index.html,26,html,11444e46,Vishudh Shah,2025-04-17,22:16:32,-07:00,2025-04-17T22:16:32-07:00,2,68
contact/index.html,27,html,2df09c97,Vishudh Shah,2025-04-02,23:57:26,-07:00,2025-04-02T23:57:26-07:00,0,0
contact/index.html,28,html,2df09c97,Vishudh Shah,2025-04-02,23:57:26,-07:00,2025-04-02T23:57:26-07:00,2,33
contact/index.html,29,html,11444e46,Vishudh Shah,2025-04-17,22:16:32,-07:00,2025-04-17T22:16:32-07:00,2,54
contact/index.html,30,html,2df09c97,Vishudh Shah,2025-04-02,23:57:26,-07:00,2025-04-02T23:57:26-07:00,0,0
contact/index.html,31,html,2df09c97,Vishudh Shah,2025-04-02,23:57:26,-07:00,2025-04-02T23:57:26-07:00,2,27
contact/index.html,32,html,11444e46,Vishudh Shah,2025-04-17,22:16:32,-07:00,2025-04-17T22:16:32-07:00,2,42
contact/index.html,33,html,2df09c97,Vishudh Shah,2025-04-02,23:57:26,-07:00,2025-04-02T23:57:26-07:00,0,0
contact/index.html,34,html,11444e46,Vishudh Shah,2025-04-17,22:16:32,-07:00,2025-04-17T22:16:32-07:00,2,101
contact/index.html,35,html,2df09c97,Vishudh Shah,2025-04-02,23:57:26,-07:00,2025-04-02T23:57:26-07:00,1,3
contact/index.html,36,html,11444e46,Vishudh Shah,2025-04-17,22:16:32,-07:00,2025-04-17T22:16:32-07:00,0,0
contact/index.html,37,html,4956f8f1,Vishudh Shah,2025-04-25,19:10:52,-07:00,2025-04-25T19:10:52-07:00,1,45
contact/index.html,38,html,e3ff78d9,Vishudh Shah,2025-04-02,23:29:51,-07:00,2025-04-02T23:29:51-07:00,0,3
contact/index.html,39,html,dca0a78c,Vishudh Shah,2025-04-10,20:14:16,-07:00,2025-04-10T20:14:16-07:00,0,0
contact/index.html,40,html,e3ff78d9,Vishudh Shah,2025-04-02,23:29:51,-07:00,2025-04-02T23:29:51-07:00,0,3
